"id","old_findID","numdate1","numdate2","obverseDescription","obverseInscription","reverseDescription","reverseInscription","ricID","denomination","primaryRuler","mintName","object"
"195","HAMP1170","14","37","Laureate head, r.","TI CAESAR DIVI - AVG F AVGVSTVS","Livia or Pax (?) seated r., holding branch","PONTIF MAXIM",,"Denarius (Empire)","Tiberius","Lugdunum","https://finds.org.uk/database/artefacts/record/id/195"
"6194","LVPL1652","14","37","Bust right","TI CAESAR DIVI AVG F AVGVSTVS","Female figure seated right holding inverted spear in right hand, branch in left, seated on chair with decorated legs and single line below.","PONTIF MAXIM",,"Denarius (Empire)","Tiberius","Lugdunum","https://finds.org.uk/database/artefacts/record/id/6194"
"107533","NCL-2A7AE2","36","37","Laureate head right","TI CAESAR DIVI F AVGVSTVS","Pax seated right with branch and sceptre","[PONTIF] MAXIM",,"Denarius (Empire)","Tiberius","Lugdunum","https://finds.org.uk/database/artefacts/record/id/107533"
"113094","ESS-4A9EC6","14","37","Laureate bust facing right","[TI CAESAR DIVI] AVG F AVGVSTVS (right up, left down)","Pax seated right on a chair holding branch in left hand and long sceptre in right. The chair legs are ornamented. There is a single line below.","PONTIF MAXIM (right up, left down)",,"Denarius (Empire)","Tiberius","Lugdunum","https://finds.org.uk/database/artefacts/record/id/113094"
"130748","BH-CC3384","14","37","Head left, wearing rostral crown.","M AGRIPPA L F COS II[I]","Neptune standing left, holding [dolphin] and [trident].","S C",,"As","Tiberius","Rome","https://finds.org.uk/database/artefacts/record/id/130748"
"130927","HESH-E32E67","14","37","Laureate bust, right

 ","[TI C]AESAR [DIVI AVG F A]VGVS[TVS]","Pax seated left holding branch and spear or sceptre","[PONTIF MAXIM]",,"Denarius (Empire)","Tiberius","Rome","https://finds.org.uk/database/artefacts/record/id/130927"
"131498","ESS-A16284","14","37","Laureate bust facing right","TI CAESAR DIVI AVG F AVGVSTVS right up, left down","Female figure, draped, seated right on chair, holding branch in left hand and long sceptre in right","PONTIF MAXIM",,"Denarius (Empire)","Tiberius","Rome","https://finds.org.uk/database/artefacts/record/id/131498"
"136756","WMID-26FD22","36","37","Laureate head of Augustus facing right.  Border of dots.","TI CAESAR DIVI AVG F AVGVSTVS","Female figure seated right, holding long vertical sceptre to the right and branch to the left, on chair with plain legs above double line.  Border of dots.","PONTIF MAXIM",,"Denarius (Empire)","Tiberius","Rome","https://finds.org.uk/database/artefacts/record/id/136756"
"194123","ESS-0E18A2","14","37","laureate head right 


","TI CAESAR AVG F AVGVSTVS","Female figure seated right, holding sceptre and branch; single line below ","PONTIF MAXIM",,"Denarius (Empire)","Tiberius","Rome","https://finds.org.uk/database/artefacts/record/id/194123"
"197173","IOW-4A7926","14","37","Laureate head right.

","TI CAESAR DIVI AVG F AVGVSTVS","Female (Livia?) seated right holding sceptre and branch; one exergual line below.","PONTIF MAXIM",,"Denarius (Empire)","Tiberius","Lugdunum","https://finds.org.uk/database/artefacts/record/id/197173"
"197797","HAMP-CC27E5","36","37","Bust laureate facing right","TI CAESAR DIVI AVG F AVGVSTVS (retrograde)","Female figure seated right, holding inverted spear in right hand, branch in left, on chair with ornamented legs above triple line","PONTIF MAXIM (retrograde)",,"Aureus (Republic/Empire)","Tiberius","Lugdunum","https://finds.org.uk/database/artefacts/record/id/197797"
"205586","IOW-540D78","14","37","Laureate head right
","[TI CAESAR AVG F AVGVSTVS];","female figure seated right holding sceptre (exact type unclear, but probably a single line under chair)
","[PONTIF} MAX[IM]",,"Denarius (Empire)","Tiberius","Lugdunum","https://finds.org.uk/database/artefacts/record/id/205586"
"207267","WAW-7ABBB3","14","37","Laureate bust, facing right.","AVGVSTVS (in retorgrade) - TI[        ] (in retorgrade)","Female figure seated right, holding a long vertical sceptre otherwise the details are not clear.","MAXIM (in retorgrade) - [PONTIF]",,"Denarius (Empire)","Tiberius","Lugdunum","https://finds.org.uk/database/artefacts/record/id/207267"
"208937","SUR-99D5A6","14","37","
Laureate head facing right","TI CAESAR DIVI AVG F AVGVSTVS","Female figure seated right, holding vertical sceptre(?); chair apparently on single line","PONTIF [MAXIM]",,"Denarius (Empire)","Tiberius","Rome","https://finds.org.uk/database/artefacts/record/id/208937"
"210775","LIN-3F2432","15","16","Laureate bust right","TI CAESAR DIVI AVG F AVGVSTVS","Female seated right","PONTIF MAXIM",,"Denarius (Empire)","Tiberius","Lugdunum","https://finds.org.uk/database/artefacts/record/id/210775"
"212413","IOW-7BB152","14","37","Laureate head r.
","[TI CAESAR DIVI] AVG F AVGVSTVS","Female seated right, holding vertical sceptre and branch, all above a single line
","PONTIF MAXIM",,"Denarius (Empire)","Tiberius","Rome","https://finds.org.uk/database/artefacts/record/id/212413"
"215044","HESH-E3BCA1","36","37","Laureate crowned head right","[TI] CAESAR DIVI AVG F AVGVSTV[S]","Female figure (Livia as Pax) seated right, holding olive-branch and inverted spear; ornate legs to chair.","PONTIF MAXIM",,"Denarius (Empire)","Tiberius","Rome","https://finds.org.uk/database/artefacts/record/id/215044"
"254215","IOW-6D2F32","14","37","Laureate head r.


","TI CAESAR DIVI AVG F AVGVSTVS","Female figure seated left holding vertical sceptre; single line below","PONTIF MAXIM",,"Denarius (Empire)","Tiberius","Lugdunum","https://finds.org.uk/database/artefacts/record/id/254215"
"277884","LEIC-BD1ED7","14","37","right facing laureat bust","TI [CAESAR DIVI AVG F AVGVSTVS]","Livia seated facing right, holding a spear and branch","PONTIF MAXIM",,"Denarius (Empire)","Tiberius","Rome","https://finds.org.uk/database/artefacts/record/id/277884"
"285078","SF-9F8200","14","37","Laureate head right","[TI] CAESAR DIVI-AVG F AVGVST[VS] (in retrograde)","Livia or Pax seated right holding branch and vertical sceptre","PONTIF MAXIM (in retrograde)",,"Denarius (Empire)","Tiberius","Rome","https://finds.org.uk/database/artefacts/record/id/285078"
"383353","DOR-1E9885","36","37","Head, right, laureate","TI CAESAR DIVI AVG F AVGVSTVS","Female figure saeted right, holding longe vertical scetre in right and branch in left, Single line below.","PONTIF MAXIM",,"Denarius (Empire)","Tiberius","Rome","https://finds.org.uk/database/artefacts/record/id/383353"
"392757","SF-D06C88","14","37","Laureate head right","TI CAESAR DIVI-[]AVGVSTVS","Pax or Livia seated right holding branch","PONTIF-MAXIM",,"Denarius (Empire)","Tiberius","Lugdunum","https://finds.org.uk/database/artefacts/record/id/392757"
"396782","SF-DAB524","14","37","Laureate head right","TI CAESAR DIVI-AVG F AVG[VSTVS] (in retrograde)","Livia or Pax seated right holding branch.","PONTIF-MAXIM (in retrograde)",,"Denarius (Empire)","Tiberius","Lugdunum","https://finds.org.uk/database/artefacts/record/id/396782"
"400196","LIN-9AB554","16",,"Laureate bust right","TI CAESAR DIVI AVG F AVGVSTVS","Female (Livia?) seated right, holding sceptre and branch.","PONTIF MAXIM",,"Denarius (Empire)","Tiberius","Rome","https://finds.org.uk/database/artefacts/record/id/400196"
"400238","BH-AFAF10","36","37","Laureate head right.","TI CAESAR DIV[I]-AVG F AVGVSTVS","Female figure seated right, holding spear/sceptre and branch.","PON[TIF]-MAXIM",,"Denarius (Empire)","Tiberius","Rome","https://finds.org.uk/database/artefacts/record/id/400238"
"418253","HAMP-502452","14","37","Head laureate facing right","TI CAESAR DIVI AVG [F AVGVSTVS]","Female figure seated right holding long vertical sceptre and branch, single exergual line below","PONTIF MAXIM",,"Denarius (Empire)","Tiberius","Lugdunum","https://finds.org.uk/database/artefacts/record/id/418253"
"423597","PUBLIC-B33A96","36","37","Laureate bust right.","TI CAESAR DIVI [AVG F AVGVSTVS]","Female figure seated right, holding branch and vertical sceptre, double line below.","PONT[IF MA]XIM",,"Denarius (Empire)","Tiberius","Lugdunum","https://finds.org.uk/database/artefacts/record/id/423597"
"428024","WMID-BEE7A5","14","37","Emperor laureate facing right","[TI CAES]AR DIVI AVG F AVGVST[VS]","Female figure (Livia?) seated right holding inverted spear and a branch, on a chair with ornamental legs and a double or triple line below.","[PONTIF] MAXIM",,"Denarius (Empire)","Tiberius","Rome","https://finds.org.uk/database/artefacts/record/id/428024"
"429144","IOW-810257","14","37","Unclear laureate head right"," [ ] AVGVSTVS","Female seated right, holding sceptre and branch","PONTIF MAX]IM",,"Denarius (Empire)","Tiberius","Lugdunum","https://finds.org.uk/database/artefacts/record/id/429144"
"429349","SUR-970218","16",,"Laureate bust facing right","[TI CA]ESAR DIVI AVG F AV[GVSTVS]","Seated female facing right holding a sceptre and a branch","PONTIF MAXIM",,"Denarius (Empire)","Tiberius","Lugdunum","https://finds.org.uk/database/artefacts/record/id/429349"
"438731","HESH-824A97","14","37","Laureate crowned bust right","TI CAE[SA]R DIVI AVG F AVGV[STVS]","Female figure seated right, right hand holding an inverted spear, left hand outstretched holding a branch. The legs of the chair are ornamented and below chair are three triple lines (forming a dias?)","PONTIF [MAXIM]",,"Denarius (Empire)","Tiberius","Rome","https://finds.org.uk/database/artefacts/record/id/438731"
"458007","BH-687015","14","37","Laureate head right.","TI CAESAR DIVI AVG F AVGVSTVS (retrograde)","Livia or Pax seated right, holding branch.","[PON]TIF MAXI[M]",,"Denarius (Empire)","Tiberius","Rome","https://finds.org.uk/database/artefacts/record/id/458007"
"459343","LEIC-26F2B2","22","30","Augustus, radiate left.","[DIVVS AVGVS]TVS PATER","Altar enclosure with double panelled door; uncertain ornaments on top. S-C to left and right.","PROVIDENT",,"As","Tiberius","Rome","https://finds.org.uk/database/artefacts/record/id/459343"
"470608","LIN-7F2471","16",,"Laureate head right","TI CAESAR DIVI AVG F AVGVSTVS","Female seated right holding sceptre and branch","PONTIF MAXIM",,"Denarius (Empire)","Tiberius","Lugdunum","https://finds.org.uk/database/artefacts/record/id/470608"
"475475","IOW-680A80","36","37","Laureate head right","TI CAESAR DIVI AVG F AVGVSTVS","Female figure seated right holding long vertical sceptre","PONTIF MAXIM",,"Denarius (Empire)","Tiberius","Rome","https://finds.org.uk/database/artefacts/record/id/475475"
"477026","NCL-2231B1",,,"Head right","[...]DIVI F[...]","Seated figure right","[PO]NTIF MAXIM",,"Denarius (Empire)","Tiberius","Rome","https://finds.org.uk/database/artefacts/record/id/477026"
"488558","CAM-A3F235","14","37","Laureate head right","TI[...]AVG[...]","Female figure seated right, holding branch","[PONTIF MAXIM]",,"Denarius (Empire)","Tiberius","Lugdunum","https://finds.org.uk/database/artefacts/record/id/488558"
"489860","LEIC-3A8740","16",,"Laureate bust of emperor facing right","TI CAESAR DIVI AVG [...]","Seated female figure facing right","PONTIF MAXIM",,"Denarius (Empire)","Tiberius","Lugdunum","https://finds.org.uk/database/artefacts/record/id/489860"
"493588","YORYM-F4D6F6","14","37","Laureate bust right","TI CAESAR DIVI AVG F AVGVSTVS","Livia or Pax seated right holding branch","PONTIF MAXIM ",,"Denarius (Empire)","Tiberius","Lugdunum","https://finds.org.uk/database/artefacts/record/id/493588"
"494025","SUR-1FB787","16","37","Laureate bust facing right","TI CAESAR DIVI AVG F","Female seated facing right with sceptre and branch","PONTIF MAXIM",,"Denarius (Empire)","Tiberius","Rome","https://finds.org.uk/database/artefacts/record/id/494025"
"507189","WAW-79CD98","36","37","Bust right, laureate.","TI [CAE]SAR DIVI - retrograde AVG AVGVSTVS ","Seated female figure, facing right, holding an inverted spear. The chair legs are ornate and there are three lines below the seat.","PONTIF MAXIM retrograde",,"Denarius (Empire)","Tiberius","Lugdunum","https://finds.org.uk/database/artefacts/record/id/507189"
"507861","NARC-A43D02","13","47","Laureate head right","TI CAESAR DIVI [AVG] F AVGVSTVS","Livia seated right, holding reversed spear and branch, footstool 
below feet, double line beneath throne.","PONTIF MAXIM",,"Denarius (Empire)","Tiberius","Lugdunum","https://finds.org.uk/database/artefacts/record/id/507861"
"508310","SUR-F42400","14","37","Laureate head right","[...]AVG[...]","Livia seated right holding long vertical sceptre, left, branch","[PONTIF MAXIM]",,"Denarius (Empire)","Tiberius","Lugdunum","https://finds.org.uk/database/artefacts/record/id/508310"
"515807","SF-3BB041","16","37","Laureate head right","[TI CA]ESAR DIVI AVG F AUGVSTVS","Female figure seated right holding a sceptre and an olive branch","PONTIF MAXIM",,"Denarius (Empire)","Tiberius","Lugdunum","https://finds.org.uk/database/artefacts/record/id/515807"
"519911","HESH-E0AE33","14","37","Laureate head right","[TI CAESAR DIVI AVG F AVGVSTVS]","Female figure seated right holding branch and sceptre","[PONTIF MAXIM]",,"Denarius (Empire)","Tiberius","Lugdunum","https://finds.org.uk/database/artefacts/record/id/519911"
"519913","HESH-E0CED3","14","37","Laureate head right","[TI CAES]AR DIVI [AVG F AVGVSTVS]","Seated figure on throne facing right","PO[NTIF MAXIM]",,"Denarius (Empire)","Tiberius","Lugdunum","https://finds.org.uk/database/artefacts/record/id/519913"
"525522","CAM-FF0F68","25","26","Laureate head right","[...] AVG F AVGVSTVS","Female figure seated right, holding sceptre and branch","[...]MAXIM [...]",,"Denarius (Empire)","Tiberius","Rome","https://finds.org.uk/database/artefacts/record/id/525522"
"533938","SUSS-F628C0","14","37","Laureate bust right.","TI CAESAR [DIVI] AVG F AVG[VSTVS] (all in retrograde, counter-clockwise)","Female figure seated right, right holding long sceptre, left a branch, on chair with ornamented legs; single line below.","PONTIF MAXIM (all in retrograde, counter-clockwise)",,"Denarius (Empire)","Tiberius","Lugdunum","https://finds.org.uk/database/artefacts/record/id/533938"
"543620","NARC-29AF65","14","37","Laureate head right","TI CAESAR DIVI AVG F AVGVSTVS","Livia seated right, holding reversed spear and branch","PONTIF MAXIM",,"Denarius (Empire)","Tiberius","Lugdunum","https://finds.org.uk/database/artefacts/record/id/543620"
"547665","BH-F40821","14","37","Laureate head right.","TI CAESAR DIVI [A]VG F AVGVSTVS","Female figure seated right, holding spear or sceptre in right hand, branch in left hand.","[PONTIF] MAXIM",,"Denarius (Empire)","Tiberius","Lugdunum","https://finds.org.uk/database/artefacts/record/id/547665"
"550378","IOW-203EB7","14","37","Laureate head right","[TI CAES]AR DIVI AVG F AVGVSTVS","Female seated right holding branch and sceptre","PONT[IF] MAXIM",,"Denarius (Empire)","Tiberius","Lugdunum","https://finds.org.uk/database/artefacts/record/id/550378"
"560872","CAM-A38793","14","37","Laureate head right","TI CAESAR DIVI AVG F AVGVSTVS","Livia seated right, holding long vertical sceptre and branch, on chair with ornamented legs","PONTIF MAXIM",,"Denarius (Empire)","Tiberius","Rome","https://finds.org.uk/database/artefacts/record/id/560872"
"568845","CORN-EE1431","26","37","laureate head of Tiberius","TI CAESAR DIVI [AVG F AVGVSTVS]","Livia as Pax, draped, seated right on chair with ornamented legs with single line below, holding branch in left hand and long sceptre in right hand","PONTIF MAXIM",,"Denarius (Empire)","Tiberius","Lugdunum","https://finds.org.uk/database/artefacts/record/id/568845"
"574399","ESS-734117","14","37","Laureate head facing right","TI CAESAR DIVI AVG AVGVSTVS","Livia as Pax seated right holding branch and sceptre","PONTIF [MA]XIM",,"Denarius (Empire)","Tiberius","Lugdunum","https://finds.org.uk/database/artefacts/record/id/574399"
"580774","FASAM-BC8684","14","37","Laureate head right","[TI CAESAR DIVI] AVG F AVGVSTVS","Female seated right holding vertical sceptre and branch","PONTIF MAXIM",,"Denarius (Empire)","Tiberius","Lugdunum","https://finds.org.uk/database/artefacts/record/id/580774"
"585246","WMID-0D5DE3","14","37","Laureate headright","[ ] AVG F AVGVSTVS","Livia seated holding long spear and branch","PONTIF MAXIM",,"Denarius (Empire)","Tiberius","Lugdunum","https://finds.org.uk/database/artefacts/record/id/585246"
"598779","PAS-BAC036","36","37","Laureate head of Tiberius, right.","TI CAESAR DIVI [AVG F AVGVSTVS]","Femal figure seated right, holding a spear in her right hand a branch in her left. There is a single line below the image.","PONTIF MAXIM",,"Denarius (Empire)","Tiberius","Lugdunum","https://finds.org.uk/database/artefacts/record/id/598779"
"598786","PAS-BAE7B2","36","37","Laureate head of Tiberius, right.","TI CAESAR DIVI [AVG F AVGVSTVS]","Femal figure seated right, holding a spear in her right hand a branch in her left. There is a single line below the image.","PONTIF MAXIM",,"Denarius (Empire)","Tiberius","Lugdunum","https://finds.org.uk/database/artefacts/record/id/598786"
"601042","NMS-B68621","14","37","Laureate head right","TI CAESAR DIVI AVG F AVGVSTUS","Female seated right","PONTIF MAXIM",,"Denarius (Empire)","Tiberius","Lugdunum","https://finds.org.uk/database/artefacts/record/id/601042"
"602099","HAMP-4A1FB2","14","37","Head laureate right","TI CAESAR DIVI  AVG F AVGVSTVS","Female figure standing right, long vertical sceptre in right, branch in left","PONTIF  MAXIM",,"Denarius (Empire)","Tiberius","Lugdunum","https://finds.org.uk/database/artefacts/record/id/602099"
"602591","DENO-750624","14","37","Laureate head right","[TI CAESAR DIVI AVG F AVGVSTVS]","Female figure seated right holding vertical sceptre and branch","[PONTIF MAXIM]",,"Denarius (Empire)","Tiberius","Lugdunum","https://finds.org.uk/database/artefacts/record/id/602591"
"625485","SOM-2C162A","14","37","Laureate head facing right.","[TI CAE]SAR DIVI AVG F AVGVSTVS","Female figure seated right holding vertical sceptre in right hand and branch in left","PONTIF [M]AXIM",,"Denarius (Empire)","Tiberius","Lugdunum","https://finds.org.uk/database/artefacts/record/id/625485"
"625799","SUSS-41F3BA","14","37","Tiberius, laureate right.","TI CAESAR DIVI (counter-clockwise) AVG F AVGVSTVS (counter-clockwise)","Female figure seated right, right hand holding long vertical sceptre, left hand holding branch, on chair with decorated legs, and single line below.","PONTIF (counter-clockwise) MAXIM (counter-clockwise)",,"Denarius (Empire)","Tiberius","Rome","https://finds.org.uk/database/artefacts/record/id/625799"
"627137","IOW-DA2FB0","14","37","Laureate head right","[TI CAESAR DIVI AVG F AVGVSTVS]","Female figure seated right, holding long vertical sceptre and branch","[PONTIF MAXIM]",,"Denarius (Empire)","Tiberius","Lugdunum","https://finds.org.uk/database/artefacts/record/id/627137"
"633913","WMID-DD1EC0","36","37","Laureate head right.","T[I CAESAR DIVI AVG F] AVGVSTVS","Female figure seated right, holding a long vertical sceptre in left hand and a branch in her right hand. Chair has plain legs, and one line below.","PONTIF [MAXIM]",,"Denarius (Empire)","Tiberius","Rome","https://finds.org.uk/database/artefacts/record/id/633913"
"652553","WILT-C5A2E5","14","37","Laureate head bust facing right","TI CAESAR DIVI AVG F AVGVSTVS","Livia as Pax seated right on throne with ornate legs single line below holding sceptre and olive branch","PONTIF MAXIM",,"Denarius (Empire)","Tiberius","Lugdunum","https://finds.org.uk/database/artefacts/record/id/652553"
"65621","ESS-F8A767","14","37","Head of Tiberius, wearing laurel wreath, facing right.","TI CAESAR DIVI AVG F AVGUSTVS","Female figure seated, facing right, holding long vertical sceptre in right hand and a branch in her left hand. The chair has plain legs, placed above a single line.","PONTIF MAXIM",,"Aureus (Republic/Empire)","Tiberius","Lugdunum","https://finds.org.uk/database/artefacts/record/id/65621"
"724685","LEIC-F154AE","36","37","Laureate head right","TI CAESAR DIVI AVG F [AVGVS]TVS","Livia (as Pax) seated right, holding branch and sceptre","PONTIF MAXIM",,"Denarius (Empire)","Tiberius","Lugdunum","https://finds.org.uk/database/artefacts/record/id/724685"
"727749","SOM-2ABAE8","14","37","Laureate head facing right.","TI CAESAR DIVI AVG F AVGVSTVS","Female figure seated right holding vertical sceptre in right hand and branch in left","PONTIF MAXIM",,"Denarius (Empire)","Tiberius","Lugdunum","https://finds.org.uk/database/artefacts/record/id/727749"
"739560","SWYOR-ED5DCE","14","37","A laureate head of the emperor, facing right.","[TI CAES]AR DIVI AVG F AVGVSTVS [retrograde]","A female figure, seated right on a chair with ornate legs, holding sceptre and olive branch.","PONTIF MAXIM [retrograde]","ric.1(2).tib.30","Denarius (Empire)","Tiberius","Lugdunum","https://finds.org.uk/database/artefacts/record/id/739560"
"217679","HESH-0333D4","-15","-13","Bare head left","AVGVSTVS DIVI F","Diana standing l., head r., holding a spear in r. hand and a bow in l. hand; a dog standing at her feet.","IMP X SICIL",,"Denarius (Empire)","Augustus","Lugdunum","https://finds.org.uk/database/artefacts/record/id/217679"
"257724","ESS-D70CB8","-19",,"Helmeted bust of Virtus r.","L A[QVILLIVS F]LORVS IIIVIR","Augustus standing in elephant biga l. holding a laurel branch in r. hand and a sceptre in l. hand","[AVGUSTVS] CAES[AR] (in ex.)",,"Denarius (Empire)","Augustus","Rome","https://finds.org.uk/database/artefacts/record/id/257724"
"388037","LEIC-FE4354","-19",,"Helmeted and draped bust of Virtus right","L AQVILLIVS FLORVS IIIVIR","Augustus standing in an elephant biga l., holding a laurel branch in r. hand and a sceptre in l. hand","AVGVSTVS CAESAR",,"Denarius (Empire)","Augustus","Rome","https://finds.org.uk/database/artefacts/record/id/388037"
"422342","BUC-08B6D4","-15","-13","Bare head right","AVGVSTVS DIVI F","Apollo Citharoedus standing l. in long drapery, holding a plectrum in r. hand and a lyre in l. hand","IMP X ACT",,"Denarius (Empire)","Augustus","Lugdunum","https://finds.org.uk/database/artefacts/record/id/422342"
"43581","WMID5567","-15","-13","Bust right, laureate","[AV]GVSTVS DIVI F (retrograde and outward)","IMP X to the left and right of Apollo Citharoedus, in long drapery, stg. L. r. holding plectrum, l. lyre. ACT in exergue","IMP/X//ACT",,"Denarius (Empire)","Augustus","Lugdunum","https://finds.org.uk/database/artefacts/record/id/43581"
"580773","FASAM-BC6601","-15","-13","Head right","[AVGVSTVS] DIVI F","Apollo Citharoedus standing left in long drapery holding plectrum in right hand and lyre in left hand","IMP X  ACT",,"Denarius (Empire)","Augustus","Lugdunum","https://finds.org.uk/database/artefacts/record/id/580773"
"599172","DENO-FB27E6","13","14","Laureate head of Augustus right. S countermark","[AVGVSTVS DIVI F]","Head of Tiberius right (heavily worn).  Cross and crescent countermarks","[TI CAESAR AVG F TR POT XV]",,"Denarius (Empire)","Augustus","Lugdunum","https://finds.org.uk/database/artefacts/record/id/599172"
"731228","IOW-BDC677","13","14","Laureate head of Augustus right","[CAESAR AVG]VSTVS DIVI F P[ATER PATRIAE];","Bare head of Tiberius right","TI CAESAR AVG F TR POT XV",,"Denarius (Empire)","Augustus","Lugdunum","https://finds.org.uk/database/artefacts/record/id/731228"
"739250","BM-9B3FC9","-15","-13","Head right","[AVGVSTVS] DIVI F","Apollo Citharoedus standing left, holding plectrum and lyre","[IMP] - [X] in field; ACT in exergue","ric.1(2).aug.171A","Denarius (Empire)","Augustus","Lugdunum","https://finds.org.uk/database/artefacts/record/id/739250"
"254532","IOW-DB8501","37","38","Pietas seated left holding patera and resting elbow on small draped figure","C CAESAR AVG GERMANICVS P M TR POT; PIETAS in exergue

","hexastyle temple surmounted by quadriga, in front of which Gaius sacrifices at altar with patera; one attendant leads a bull to altar, another holds a patera","DIVO AVG",,"Sestertius","Caligula","Rome","https://finds.org.uk/database/artefacts/record/id/254532"
"122728","LON-339A86","41","50","Bare head of Nero Claudius Drusus left","NERO CLAVDIVS DRVSVS GERMANICVS IMP","Claudius seated left on chair, holding a branch in his right hand. Around the chair are scattered arms - spears, shields, helmets.","TI CLAUDIVS CAESAR AVG P M TR P IMP",,"Sestertius","Claudius","Rome","https://finds.org.uk/database/artefacts/record/id/122728"
"159775","HAMP-1A0775","41","54","Bare-headed bust facing left","...CAESAR...","Minerva walking right with spear and shield","S/C",,"As","Claudius","Rome","https://finds.org.uk/database/artefacts/record/id/159775"
"160681","HAMP-B31E08","41","54","Bust facing left","[TI CLAVDIVS CAES]AR AVG [P M TR P...]","Ceres, veiled and draped, seated left on ornamental throne, holding two corn-ears and long torch","CERES AVGVSTA // S C",,"Dupondius","Claudius","Rome","https://finds.org.uk/database/artefacts/record/id/160681"
"161313","HAMP-2ED465","41","54","Bust laureate facing right","[TI CLAVD] CAESAR AVG P M TR P X?... (retrograde)","Pax-Nemesis, winged, advancing right, holding out fold of dress at neck and holding winged caduceus over serpent preceding her","PACI AVGVST[AE]",,"Denarius (Empire)","Claudius","Rome","https://finds.org.uk/database/artefacts/record/id/161313"
"201710","LON-EDEF06","41",,"Modius","TI CLAVDIVS CAESAR AVG","S C","PON M TR P IMP COS DES IT",,"Quadrans","Claudius","Rome","https://finds.org.uk/database/artefacts/record/id/201710"
"254928","DEV-2DC185","41","54","Laureate head right","[TI] CLAVDIVS CAESAR AVG...","Spes advancing left, holding flower and skirt","(SPES AVGVSTA)",,"Sestertius","Claudius","Rome","https://finds.org.uk/database/artefacts/record/id/254928"
"255582","BH-932877","43","54","Bare head left.","[TI CLAVDIVS CAESAR AVG P M TR P IMP (P P)]","Minerva standing right, helmeted and draped; hurling javelin and holding round shield.","S-C",,"As","Claudius","Rome","https://finds.org.uk/database/artefacts/record/id/255582"
"287803","LEIC-18D3B8","41","54","Laureate bust facing right.","[...]CAESAR AVG[...]","Spes advancing left, holding flowers and lifting skirt.","SPES AVGVSTA S C",,"Sestertius","Claudius","Rome","https://finds.org.uk/database/artefacts/record/id/287803"
"425600","HAMP-861CE4","41","42","Head bare of Nero Claudius Drusus facing left","[NERO] CLAVDIVS DRVSVS GERMAN[ICVS IMP]","Claudius, bare headed and togate, seated left on curule chair; right hand holding branch weapons and armour lying below the chair","TI CLAVDI[VS CAESAR AVG P M] TR P IMP // S C",,"Sestertius","Claudius","Rome","https://finds.org.uk/database/artefacts/record/id/425600"
"495211","SUSS-B2E2E2","41","50","Bare head facing left.","[TI CLAVDIVS CAESAR AVG P M TR P IMP]","Minerva right, helmeted and draped, hurling javelin right, with round shield on left arm.","S-C",,"As","Claudius","Rome","https://finds.org.uk/database/artefacts/record/id/495211"
"510739","BH-41E321","43","54","Head left.","[TI CLAVDIVS CAESAR AVG P M TR P IMP (P P)]","Minerva standing right, helmeted and draped, hurling javelin and holding round shield.","S - C",,"As","Claudius","Rome","https://finds.org.uk/database/artefacts/record/id/510739"
"521187","HAMP-9D21B2","41","50","Head facing left","TI CLAVDIVS CAESAR AVG P M TR P IMP","Minerva advancing right, holding spear in right hand, shield in left","S C (in field)",,"As","Claudius","Rome","https://finds.org.uk/database/artefacts/record/id/521187"
"524157","SOM-689915","41","54","Bust facing left.","TI CLAVDIVS [...]","Libertas standing holding a pileus.","LIBERTAS [AVGVSTA]",,"As","Claudius","Rome","https://finds.org.uk/database/artefacts/record/id/524157"
"554008","PUBLIC-F493E4","41","42","Bare head left","TI CLAVDIVS CAESAR AVG P M TR P IMP","Ceres seated left holding two corn ears and torch","CERES AVGVSTA, S C",,"Dupondius","Claudius","Rome","https://finds.org.uk/database/artefacts/record/id/554008"
"638906","DOR-93D0D6","41","54","Draped bust right","[ANTONIA] AVG[VSTA]","Claudius standing left, holding simpulum","TI CLAVDIV[S CAESAR AVG P M TR P IMP (P P)]",,"Dupondius","Claudius","Rome","https://finds.org.uk/database/artefacts/record/id/638906"
"706128","LIN-71ABD1","41","54","Head bare left","[ ]CAESAR[ ]","Libertas standing right, holding pileus in right hand","[LI]B[ERTAS AVGVSTA]",,"As","Claudius","Rome","https://finds.org.uk/database/artefacts/record/id/706128"
"2223","KENT1589","67","68","bust right","IMP NERO CAESAR AVG [P P]","Salus seated left holding patera","SALVS (in exergue)",,"Denarius (Empire)","Nero","Rome","https://finds.org.uk/database/artefacts/record/id/2223"
"115443","FAIL-C77B04","64","65","Nero, bearded and laureate, facing right","NERO CAESAR AVGVSTVS","Jupiter, bare to the waist, seated on throne facing left, holding thunderbolt and long sceptre","IVPPITER CVSTOS","ric.1(2).ner.52","Aureus (Republic/Empire)","Nero","Rome","https://finds.org.uk/database/artefacts/record/id/115443"
"127254","YORYM-FC6482","54","68","Head right, laureate.","[IMP NERO] CAESAR [AVG P P]","Salus seated left.","SALVS",,"Denarius (Empire)","Nero","Rome","https://finds.org.uk/database/artefacts/record/id/127254"
"204982","BH-F78294","64","65","Laureate head right.","NERO [CA]ESAR - AVGVSTVS","Jupiter, bare to waist, seated left on throne, holding thunderbolt and long sceptre.","IVPPITER-CVSTOS",,"Denarius (Empire)","Nero","Rome","https://finds.org.uk/database/artefacts/record/id/204982"
"252568","LIN-492E16","64","66","Radiate bust left","NERO [CLAVD CAESAR AVG GERM P M TR P IMP P P","Victory advancing left, holding wreath and palm","[VICTORIA AVGVSTI S C]",,"Dupondius","Nero","Rome","https://finds.org.uk/database/artefacts/record/id/252568"
"255192","DEV-417011","60","64","Bare head right","[NERO] CAESAR AVG IMP","Roma standing right, foot on helmet by dagger and bow; she inscribes shield on knee.","PONTIF MAX TR P VII COS IIII P P; EX S C",,"Denarius (Empire)","Nero","Rome","https://finds.org.uk/database/artefacts/record/id/255192"
"395408","YORYM-33A222","63","68","Laureate bust right","[NERO] CAESAR AVGVSTVS","Jupiter seated left holding sceptre and thunderbolt","IVPPITER [CVSTOS]",,"Denarius (Empire)","Nero","Rome","https://finds.org.uk/database/artefacts/record/id/395408"
"406382","HAMP-F9B448","66",,"Head facing right, with possible globe at tip of shoulder","[...] CAESAR AVG GERM","Roma, helmeted and in military dress, seated left on cuirass holding  wreath in right hand and resting on parazonium with left; around and behind, various arms","PONTIF MAX TR PO[T P P]//S C",,"Semis","Nero","Lugdunum","https://finds.org.uk/database/artefacts/record/id/406382"
"417814","YORYM-1860E5","54","68","Laureate bust righ","CAESAR [-----]","Salus seated left with sceptre","SALVS",,"Denarius (Empire)","Nero","Rome","https://finds.org.uk/database/artefacts/record/id/417814"
"425879","BUC-C9D3F6","64","68","Bust right","[...]CAESAR[...]","Table bearing urn and wreath; a round shield rests against the table leg; SC in exergue","[CER QVINQ ROMAE CON",,"Semis","Nero","Lugdunum","https://finds.org.uk/database/artefacts/record/id/425879"
"46890","YORYMB1924","65","66","Head r., laur.","NERO CAESAR AVGVSTVS","Salus seated l.","SALVS",,"Denarius (Empire)","Nero","Rome","https://finds.org.uk/database/artefacts/record/id/46890"
"48382","LVPL-740BC1","65","66","Laureate bust right","NERO CAESAR AVGVSTVS","Salus seated right, pouring from a patera","SALVS (in exergue)",,"Denarius (Empire)","Nero","Rome","https://finds.org.uk/database/artefacts/record/id/48382"
"516816","FAPJW-E10426","65","66","Laureate head right","NERO CAESAR AVGVSTVS","Salus seated left holding patera","SALVS (in exergue)",,"Denarius (Empire)","Nero","Rome","https://finds.org.uk/database/artefacts/record/id/516816"
"517345","FAPJW-3A6303","64","65","Laureate head right","NERO CAESAR AVGVSTVS","Jupiter seated left holding thunderbolt and sceptre","IVPPITER CVSTOS",,"Denarius (Empire)","Nero","Rome","https://finds.org.uk/database/artefacts/record/id/517345"
"571710","PUBLIC-E20C74","65","66","A laureate head facing right","NERO CAESAR [...]","Salus standing left, holding a patera","SALVS (in exergue)",,"Denarius (Empire)","Nero","Rome","https://finds.org.uk/database/artefacts/record/id/571710"
"582625","BH-93C441","64",,"(Laureate) right.","NERO [CLA]VD CAESAR AVG GER P M TR P IMP","Genius standing left, sacrificing over altar and holding cornucopiae.","GENIO [AVGVSTI] S - C",,"As","Nero","Rome","https://finds.org.uk/database/artefacts/record/id/582625"
"600420","PUBLIC-7D4955","64","65","A laureate head facing right","[NERO CAESAR] AVGVSTVS","Jupiter seated left holding a thunderbolt and sceptre","[IVPPITER CVSTOS]",,"Denarius (Empire)","Nero","Rome","https://finds.org.uk/database/artefacts/record/id/600420"
"614401","YORYM-282670","64","65","Laureate head right","NERO CAESAR AVGVSTVS","Jupiter seated left holding thunderbolt and sceptre","IVPPITER CVSTOS",,"Denarius (Empire)","Nero","Rome","https://finds.org.uk/database/artefacts/record/id/614401"
"634297","BH-075614","64","65","Laureate head right.","NER[O CAES]AR AVGVSTVS","Jupiter, bare to waist, seated left on throne, holding thunderbolt and sceptre.","[IVPPITER] CVSTO[S]",,"Denarius (Empire)","Nero","Rome","https://finds.org.uk/database/artefacts/record/id/634297"
"638073","CORN-1937ED","64","66","bare head of Nero facing left","IMP NERO CAESAR AVG [P MAX] TR P P P","front wall of a rectangular altar enclosure, divided into four panels, with ARA PACIS in exergue below altar and S and C left and right in field","ARA PACIS S / C",,"As","Nero","Lugdunum","https://finds.org.uk/database/artefacts/record/id/638073"
"64651","HESH-40FEE6","64","65","Laureate, clean shaven, long haired male head, facing right","NERO CAESAR AVGVSTVS","seated female figure facing left","ROMA",,"Denarius (Empire)","Nero","Rome","https://finds.org.uk/database/artefacts/record/id/64651"
"646566","SUR-79FEA1","64","67","Laureate head right; small globe at point of bust","[NERO CLAVD CAES]AR AVG G[ER P M TR P IMP P P]","Roma seated left on cuirass, holding Victory and resting on parazonium; behind cuirass, shields","ROMA in exergue; S C in field",,"Sestertius","Nero","Lugdunum","https://finds.org.uk/database/artefacts/record/id/646566"
"735983","LANCUM-A0DD8E","64","65","Laureate head right.","NERO CAESAR AVGVSTVS","Jupiter seated left on throne, holding thunderbolt and long sceptre.","IVPPITER CVSTOS","ric.1(2).ner.63","Aureus (Republic/Empire)","Nero","Rome","https://finds.org.uk/database/artefacts/record/id/735983"
"87335","CORN-CB8535","64","66","Laureate head facing right, small globe at point of bust  ","[NERO CLA]VD C[AESAR AVG GER(M) P M TR P...] ","Roma helmeted, seated left on cuirass, holding Victory in extended right hand and resting left arm on parazonium  ","S C left and right of figure in field, ROMA in exergue",,"Sestertius","Nero","Lugdunum","https://finds.org.uk/database/artefacts/record/id/87335"
"147404","BH-F5BD67","69",,"Head right.","[IMP] OTHO CAESAR AVG TR [P]","Ceres standing left, holding cornucopiae and two corn ears.","PONT MAX",,"Denarius (Empire)","Otho","Rome","https://finds.org.uk/database/artefacts/record/id/147404"
"205852","SWYOR-792093","69",,"bust facing right with “banded” hairstyle","(IMP) OTHO CAESAR AVG [TR P]","Securitas standing left holding a wreath and a sceptre","SECVRITAS P R",,"Denarius (Empire)","Otho","Rome","https://finds.org.uk/database/artefacts/record/id/205852"
"210546","PAS-DA0BB1","69",,"Bust facing right","IMP M OTHO CAESAR AVG TR P","Winged Victory flying right holding and palm","VICTORIA OTHONIS",,"Denarius (Empire)","Otho","Rome","https://finds.org.uk/database/artefacts/record/id/210546"
"288119","YORYM-407446","69",,"Head facing right","IMP M OTHO CAESAR AVG TR P","Victory advancing left, holding wreath and palm","VICTORIA OTHONIS",,"Denarius (Empire)","Otho","Rome","https://finds.org.uk/database/artefacts/record/id/288119"
"40421","LVPL2326","69","69","Bare headed bust right","M OTHO CA[ESAR AVG TR P]","Securitas standing left holding wreath and sceptre","SE[CVRI]TAS P R",,"Denarius (Empire)","Otho","Rome","https://finds.org.uk/database/artefacts/record/id/40421"
"422692","SUR-4557D6","69","69","Bare bust facing right","IMP OTHO CAESAR AVG TR P","Vesta, draped left, seated left, right holding patera and left, transverse sceptre","PONT MAX",,"Denarius (Empire)","Otho","Rome","https://finds.org.uk/database/artefacts/record/id/422692"
"506779","DUR-5F8460","69",,"Bare head facing right","IMP OTHO [CAESAR] AVG TR P","Securitas standing left","SECVRITAS P R",,"Denarius (Empire)","Otho","Rome","https://finds.org.uk/database/artefacts/record/id/506779"
"53290","YORYM-E74108","69",,"Head r.","[IM]P M OTHO CAESAR [TR P]","Victory standing on globe and holding wreath and palm-branch.","VICTORIA OTHONIS",,"Denarius (Empire)","Otho","Rome","https://finds.org.uk/database/artefacts/record/id/53290"
"602894","FASAM-B61261","69",,"Bare head right","IMP OTHO CAESAR AVG TR P","Securitas standing left holding wreath and sceptre","SECVRITAS P R",,"Denarius (Empire)","Otho","Rome","https://finds.org.uk/database/artefacts/record/id/602894"
"706120","LIN-717CC3","69","69","Head bare right","[IMP (M) OTHO C]AESAR AVG TR P","Securitas standing left, holding wreath and sceptre","[SE]C[VRITAS P R]",,"Denarius (Empire)","Otho","Rome","https://finds.org.uk/database/artefacts/record/id/706120"
"728986","WMID-AAB301","69","69","Bare head right","IMP M OTHO CAESAR AVG TR P","Securitas, draped standing left. Holding wreath in right and sceptre in left.","SECVRITAS P R",,"Denarius (Empire)","Otho","Rome","https://finds.org.uk/database/artefacts/record/id/728986"
"202210","IOW-425FF0","69",,"Laureate head r.","[A] VITELLIVS [IMP GERMAN]; [globe at end of bust]","Victory advancng left holding shield inscribed [SP/QR] in two lines","VICTORIA AVGVSTI",,"Denarius (Empire)","Vitellius","Lugdunum","https://finds.org.uk/database/artefacts/record/id/202210"
"226403","LIN-5EEB46","69",,"Laureate bust right, globe at front","(A VITELLIVS IMP GERMAN)","Vesta standing left, holding patera and supporting torch","VESTA [QVIRITIVM]",,"Denarius (Empire)","Vitellius","Lugdunum","https://finds.org.uk/database/artefacts/record/id/226403"
"552571","NMS-312977","69","69","Laureate bust right","A VITELLIVS IMP GERMAN","Victory advancing left","VICTORIA AVGVSTI",,"Denarius (Empire)","Vitellius","Lugdunum","https://finds.org.uk/database/artefacts/record/id/552571"
"575074","IOW-6F9822","69",,"Laureate head right, with globe at point of bust","A […] IMP GERMAN","Victory advancing left holding shield","VICTORIA […]",,"Denarius (Empire)","Vitellius","Lugdunum","https://finds.org.uk/database/artefacts/record/id/575074"
"65352","CORN-BC7A02","69",,"laureate head facing right; globe at point of neck not visible","A VITELLIVS [IMP GERMAN]","Victory advancing left; holding in right hand a shield inscribed (in two lines) SP / QR (not legible in this case)","VICTORIA AVGVSTI",,"Denarius (Empire)","Vitellius","Lugdunum","https://finds.org.uk/database/artefacts/record/id/65352"
"659696","SOM-3A7201","69",,"Laureate head right","[A VITELLIVS-IMP GER]M[AN]","Clasped hands","[FIDES / E]XERC[ITVVM]",,"Denarius (Empire)","Vitellius","Lugdunum","https://finds.org.uk/database/artefacts/record/id/659696"
"705116","FASAM-301FB1","69",,"Laureate head right, (globe at base of bust)","A VITELLIVS IMP GERMAN","Victory advancing left holding shield inscribed SP / QR in two lines","VICTORIA AVGVSTI",,"Denarius (Empire)","Vitellius","Lugdunum","https://finds.org.uk/database/artefacts/record/id/705116"
"821","HAMP283","69","71","Head laureate, right","IMP.CAESAR VESPASIANVS A[VG]","Jewess seated right on ground, mourning; behind her, trophy","IVDAEA",,"Denarius (Empire)","Vespasian","Rome","https://finds.org.uk/database/artefacts/record/id/821"
"940","HAMP390","75","79","Laureate head, right","IMP CAESAR- VESPASIANVS AVG","Jupiter standing left, sacrificing out of patera over altar and holding sceptre","IOVIS CVSTOS",,"Denarius (Empire)","Vespasian","Rome","https://finds.org.uk/database/artefacts/record/id/940"
"101261","YORYM-D06506","71",,"Very worn (radiate?) head right with inscription around (starting at 7 o'clock).","[..V]ESPASIAN AVG COS IIII","Female figure (Pax) standing left, holding a caduceus and an olive branch in her left hand (ie on the right of the coin), and sacrificing out of a patera in her right hand, held over an altar on the left of the coin.","PAX AVG",,"Dupondius","Vespasian","Lugdunum","https://finds.org.uk/database/artefacts/record/id/101261"
"117524","SOMDOR-7EF9A6","69","71","Laureate bust, right","IMP CAESAR VESPASIANVS AVG","Seated figure, right, with trophy behind","[I]UDAEA",,"Denarius (Empire)","Vespasian","Rome","https://finds.org.uk/database/artefacts/record/id/117524"
"161920","BH-9835E2","71","78","Laureate head right.","[IMP C]AES VESPASIAN AVG COS [ ]","Fides standing left, holding a patera and cornocopia.","FIDES [PVBLICA] S C",,"As","Vespasian","Lugdunum","https://finds.org.uk/database/artefacts/record/id/161920"
"204116","BH-A4CC93","70","72","Laureate head right.","IMP [CAE]S V[ESP AVG P M]","Simpulum, 'aspergillum', jug and litus.","AVGVR [T]RI POT",,"Denarius (Empire)","Vespasian","Rome","https://finds.org.uk/database/artefacts/record/id/204116"
"206814","LVPL-48A163","72",,"Right facing laureate bust of emperor, globe at bust terminal","(IMP)CAESAR VESPASIAN AVG COS IIII","Pax standing left, holding patera over altar to left, and holding branch and caduceus","PAX AVG, S C",,"Dupondius","Vespasian","Lugdunum","https://finds.org.uk/database/artefacts/record/id/206814"
"226430","LIN-5F6807","76",,"Laureate head right","(IMP CAESAR VESPASIANVS) AVG","Jupiter standing facing holding patera over altar","[IOVIS CVSTOS]",,"Denarius (Empire)","Vespasian","Rome","https://finds.org.uk/database/artefacts/record/id/226430"
"231797","IOW-F90641","71",,"Laureate head r.


","[IMP CAES VESP AVG P M]","Pax std left with branch and caduceus","TRI [POT II COS III P P]",,"Denarius (Empire)","Vespasian","Rome","https://finds.org.uk/database/artefacts/record/id/231797"
"253314","ESS-C621D6","71","72","Laureate head right","IMP CAES VESPASIAN AVG P M TR P ...","Roma standing left, holding Victory on globe and spear","ROMA, S C",,"Sestertius","Vespasian","Lugdunum","https://finds.org.uk/database/artefacts/record/id/253314"
"257402","CORN-9E5014","71","72","radiate head facing right but no globe at point of bust","IMP CAESAR VESPASIAN AVG COS IIII","Securitas, draped, seated left, resting head on right hand and right arm resting on back of chair, holding vertical sceptre in left hand and in front lighted, garlanded altar, against which rests torch","SECVRITAS AVGUSTI // 
S C in exergue",,"Dupondius","Vespasian","Lugdunum","https://finds.org.uk/database/artefacts/record/id/257402"
"257595","IOW-C5DDB7","74",,"Laureate head r.
","[IMP CAESAR VESP AVG]","Winged caduceus","PON MAX TR P COS V",,"Denarius (Empire)","Vespasian","Rome","https://finds.org.uk/database/artefacts/record/id/257595"
"258439","LON-507C28","74","74","Laureate bust right","(legend starts low right outwardly) IMP CAESAR VESP AVG","Vespasian seated right holding sceptre and branch","(legend starts low right outwardly) PONTIF MAXIM",,"Denarius (Empire)","Vespasian","Rome","https://finds.org.uk/database/artefacts/record/id/258439"
"261742","DEV-CA18F6","74","74","Laureate head right","IMP CAESAR VESPA[SIANVS] AVG;","Vespasian seated on curule chair, holding sceptre and branch","PON MAX TR P COS V",,"Denarius (Empire)","Vespasian","Rome","https://finds.org.uk/database/artefacts/record/id/261742"
"266717","DEV-D29093","71",,"Laureate head, right","IMP CAES VESP AVG P M","TRI POT III COS III PP","Pax standing left, holding branch and caduceus",,"Denarius (Empire)","Vespasian","Rome","https://finds.org.uk/database/artefacts/record/id/266717"
"273268","CORN-190EF5","69","79","laureate head facing right","IMP CAESAR VESPASIANVS AVG","Judaea seated right on ground mourning and leaning forwaed so looks as if hands tied behind back but definitely trophy behind her back","IVDAEA",,"Denarius (Empire)","Vespasian","Rome","https://finds.org.uk/database/artefacts/record/id/273268"
"288232","CORN-4A2425","69","79","laureate bust facing right","IMP CAES VESPASIAN AVG [COS...]","Felicity draped standing left holding winged caduceus extended in right hand and cornucopia in left","[FELICITAS PUB]LICA",,"As","Vespasian","Tarragona","https://finds.org.uk/database/artefacts/record/id/288232"
"291023","ESS-68B610","73",,"Laureate bust, right","[IMP CAE]S VESP AVG C[E]NS (outward legend)","Vespa seated right, holding branch and sceptre","PONTIF [MAXIM] (outward legend)",,"Denarius (Empire)","Vespasian","Rome","https://finds.org.uk/database/artefacts/record/id/291023"
"32025","HAMP1954","75","79","Head laureate r. The legend starts low outwards and is blundered after VESPA with missing letters and reversed S.","IMP. CAESAR VESPASI[ANVS A]VG","Jupiter standing left, sacrificing out of patera over altar and holdingsceptre.","IOVIS CVSTOS",,"Denarius (Empire)","Vespasian","Rome","https://finds.org.uk/database/artefacts/record/id/32025"
"384667","LON-F40316","117","138","Laureate bust right","IMP CAESAR [VESPAS]IANVS AVG TR P","Aequitas draped, standing left, Holding scales in right hand and rod (pertica) in left","COS ITER TR POT",,"Denarius (Empire)","Vespasian","Lugdunum","https://finds.org.uk/database/artefacts/record/id/384667"
"387081","NLM-58D4E4","73","73","Laureate head right","IMP CAES VESP AVG CENS","Vespasian seated right holding sceptre and branch","PONTIF [MAXIM]",,"Denarius (Empire)","Vespasian","Rome","https://finds.org.uk/database/artefacts/record/id/387081"
"391329","LIN-D0F442","73",,"Laureate head right","IMP CAES VESP AVG CENS","Vespasian seated right holding sceptre and branch","PONTIF MAXIM",,"Denarius (Empire)","Vespasian","Rome","https://finds.org.uk/database/artefacts/record/id/391329"
"393587","WAW-616614","74","74","Head with laurel wreath, facing right","IMP CAESAR VESP AVG","Two laurel branches","COS V",,"Denarius (Empire)","Vespasian","Rome","https://finds.org.uk/database/artefacts/record/id/393587"
"394393","LEIC-B23FA8","74",,"laureate head right","T CAESAR IMP VESPASIAN","Winged caduceus","[PONTIF TR P COS III]",,"Denarius (Empire)","Vespasian","Rome","https://finds.org.uk/database/artefacts/record/id/394393"
"404312","SWYOR-66F018","75","79","laureate bust right","IMP CAESAR VESPASIANVS AVG {anti-clockwise}","Jupiter standing facing, sacrificing from a patera over an altar and holding a sceptre","IOVIS CVSTOS",,"Denarius (Empire)","Vespasian","Rome","https://finds.org.uk/database/artefacts/record/id/404312"
"407799","LIN-CB4F75","74","74","Laureate head right","[IMP CA]ES[AR VESP(ASIANVS) AVG]","Vespasian seated right on curule chair, holding branch and sceptre","PON MAX TR P C[OS V]",,"Denarius (Empire)","Vespasian","Rome","https://finds.org.uk/database/artefacts/record/id/407799"
"425877","BUC-C994B6","71","71","Laureate bust right","IMP CAES VESP[ASIAN AVG COS III]","Altar; SC in fields","PROVIDEN in exergue",,"As","Vespasian","Rome","https://finds.org.uk/database/artefacts/record/id/425877"
"426993","LIN-69AAA4","75","79","Laureate head right","[IMP CAESAR V]ESPASIAN[VS AVG]","Jupiter standing facing, sacrificing from patera over altar and holding sceptre","[IOVIS CVSTOS]",,"Denarius (Empire)","Vespasian","Rome","https://finds.org.uk/database/artefacts/record/id/426993"
"429724","WMID-BEB222","76",,"Emperor laureate facing right","[IMP CAESAR VESPASIANVS AVG]","upiter standing facing, sacrificing from patera over flaming altar & holding sceptre","IOVIS [CVS]TOS",,"Denarius (Empire)","Vespasian","Rome","https://finds.org.uk/database/artefacts/record/id/429724"
"441346","LEIC-83AB14","78","79","Laureate head of Vespasian r.","CAESAR VESPASIANVS AVG","Ceres stg. l. holding corn-ears and long torch","CERES AVGVST",,"Denarius (Empire)","Vespasian","Rome","https://finds.org.uk/database/artefacts/record/id/441346"
"472188","BH-281572","72","73","Radiate head right.","IMP CAESAR VESPASIAN AVG COS IIII","Pax standing left, sacrificing out of patera over altar and holding branch and caduceus.","PAX AVG S C",,"Dupondius","Vespasian","Lugdunum","https://finds.org.uk/database/artefacts/record/id/472188"
"482845","LEIC-94A2C4","73",,"right facing laureate bust","IMP CAES VESP AVG [CENS]","Vespasian seated  holding sceptre and branch","PONTIF MAXIM",,"Denarius (Empire)","Vespasian","Rome","https://finds.org.uk/database/artefacts/record/id/482845"
"489922","BERK-3BF018","69","70","Laureate bust right","IMP CAESAR VESPASIANVS AVG","Jewess seated right, hands bound before her, at the foot of a captured trophy","IVDAEA",,"Denarius (Empire)","Vespasian","Rome","https://finds.org.uk/database/artefacts/record/id/489922"
"492717","BM-76ADD8","71","71","Laureate head right","IMP CAES VESP AVG P M","Pax seated left holding branch and caduceus","TRI POT II COS III P P",,"Denarius (Empire)","Vespasian","Rome","https://finds.org.uk/database/artefacts/record/id/492717"
"494390","HAMP-3BFA14","74",,"Head laureate facing right","[IMP CAES]AR VESPASIANVS [AVG] (retrograde)","Emperor seated right holding sceptre in raised right hand and branch in left","[PON MA]X TR P COS V (retrograde)",,"Denarius (Empire)","Vespasian","Rome","https://finds.org.uk/database/artefacts/record/id/494390"
"501444","CAM-293873","74","74","Laureate head right","IMP CAESAR VESP A[VG]","Two Laurel Trees","COS V",,"Denarius (Empire)","Vespasian","Rome","https://finds.org.uk/database/artefacts/record/id/501444"
"501478","LIN-2A4884","70","71","Laureate head right","IMP CAES VESP AVG P M","Vesta seated left holding simpulum","PON MAX",,"Denarius (Empire)","Vespasian","Rome","https://finds.org.uk/database/artefacts/record/id/501478"
"503831","BM-66D405","72","73","Laureate head right","[...]VESP AVG P M [...]IIII","Vesta seated left holding simpulum","TRI POT",,"Denarius (Empire)","Vespasian","Rome","https://finds.org.uk/database/artefacts/record/id/503831"
"515567","NCL-25EC54","78","79","laureate bust right, legend retrograde","CAESAR VESPASIAN[VS AVG]","Annona seat left","ANNONA [AVG]",,"Denarius (Empire)","Vespasian","Rome","https://finds.org.uk/database/artefacts/record/id/515567"
"517452","IOW-4C6B36","77","78","Laureate head right, globe at neck","IMP CAES VESPASIAN AVG COS VIII P P0","Aequitas standing left with scales and rod","AEQVITAS AVGVSTI, S C",,"As","Vespasian","Lugdunum","https://finds.org.uk/database/artefacts/record/id/517452"
"525508","CAM-FE85F1","71","71","Laureate head right","IMP CAES VESP AVG P M","Priestly implements","AVGVR/TRI POT",,"Denarius (Empire)","Vespasian","Rome","https://finds.org.uk/database/artefacts/record/id/525508"
"528147","NCL-7C9332","71","71","laureate bust right, globe beneath front of neck","[...] VESPASIAN AVG COS [...]","Fides standing left holding patera and cornucopia","[FIDES P]VBLICA S C",,"As","Vespasian","Lugdunum","https://finds.org.uk/database/artefacts/record/id/528147"
"530280","NMS-5042C7","69","79","Laureate head right","[...]VESPASIAN AVG[...]","Altar","[...], PROVIDEN[?] below",,"As","Vespasian","Rome","https://finds.org.uk/database/artefacts/record/id/530280"
"533550","BH-DF5933","74",,"Laureate head right.","IMP CAESAR VESPASIANVS AVG (retrograde)","Winged caduceus.","PON MAX TR P COS V (retrograde)",,"Denarius (Empire)","Vespasian","Rome","https://finds.org.uk/database/artefacts/record/id/533550"
"552205","PUBLIC-0BD874","74",,"Laureate head right","IMP CAESAR VESPA[SIA]NVS AVG","Vespasian seated right, holding branch and sceptre.","PON MAX TR P COS V",,"Denarius (Empire)","Vespasian","Rome","https://finds.org.uk/database/artefacts/record/id/552205"
"557162","YORYM-7C35C5","78","79","Laureate bust right","CAESAR VESPASIANVS AVG in retrograde","Annona seat left holding cornears","ANNONA AVG",,"Denarius (Empire)","Vespasian","Rome","https://finds.org.uk/database/artefacts/record/id/557162"
"562197","BERK-4B13A7","71",,"Unclear bust right","Probably: [IMP CAES VESP AVG P M]","Priestly implements","AVG[VR] (TRI POT)",,"Denarius (Empire)","Vespasian","Rome","https://finds.org.uk/database/artefacts/record/id/562197"
"563678","LIN-1B5B81","73","73","Laureate bust facing right.","IMP CAES VESP AVG CENS","Vespian seated right, holding branch and sceptre.","[PONTIF MAXIM]",,"Denarius (Empire)","Vespasian","Rome","https://finds.org.uk/database/artefacts/record/id/563678"
"577492","DUR-FF7235","77","78","Laureate bust right","T CAESAR IMP VESPASIANVS","Roma seated right on shield, with birds and she-wolf and twins in the field.","COS VI",,"Aureus (Republic/Empire)","Vespasian","Rome","https://finds.org.uk/database/artefacts/record/id/577492"
"593371","WILT-6ADFC6","69","81","Radiate head","[IMP] CAESAR VESPASIAN AVG [COS IIII]","Pax standing left at altar","[PAX] AVG [S] C",,"Dupondius","Vespasian","Lugdunum","https://finds.org.uk/database/artefacts/record/id/593371"
"593376","WILT-6BB1B8","69","81","Radiate head","[IMP] CAESAR VESPASIAN AVG COS IIII]","Pax standing left at altar","[PAX AVG S C]",,"Dupondius","Vespasian","Lugdunum","https://finds.org.uk/database/artefacts/record/id/593376"
"595984","DUR-D0B732","78","79","Laureate bust right","CAESAR VESPASIANVS AVG","Annona seated left holding bundle of corn ears","ANNONA [AVG]",,"Denarius (Empire)","Vespasian","Rome","https://finds.org.uk/database/artefacts/record/id/595984"
"599676","LON-22A503","72","73","Bust of the Emperor in profile facing right with radiate crown.","[IMP.CAESAR.]VESPASIAN.AVG.COS.IIII","Pax standing left, sacrificing over an altar, holding branch and caduceus.","[PAX.A]VG//S/C",,"Dupondius","Vespasian","Lugdunum","https://finds.org.uk/database/artefacts/record/id/599676"
"602418","WMID-60AB06","74",,"Laureat bust facing right","IMP CAESAR VESP AVG","Two laurel branches","COS V",,"Denarius (Empire)","Vespasian","Rome","https://finds.org.uk/database/artefacts/record/id/602418"
"613811","SWYOR-F83167","70","71","A laureate head of Vespasian, facing right.","IMP CAESAR VE[SP]ASIAN[VS A]V[G TR P]","Titus and Domitian seated side by side in curule chairs, each holding a branch.","TITVS [ET DOMITIA]N CAESARES PRIN IVEN",,"Denarius (Empire)","Vespasian","Lugdunum","https://finds.org.uk/database/artefacts/record/id/613811"
"617902","LVPL-DC82AF","73",,"Laureate head right.","[IMP CAES VESP AVG CENS]","Vespasian seated right, holding sceptre and branch.","PON[TIF MAXIM",,"Denarius (Empire)","Vespasian","Rome","https://finds.org.uk/database/artefacts/record/id/617902"
"624122","BM-97E79C","71",,"Laureate head right","IMP CAES VESP AVG P M","Pax seated left, holding branch and caduceus","TRI [POT II C]OS III P P",,"Denarius (Empire)","Vespasian","Rome","https://finds.org.uk/database/artefacts/record/id/624122"
"628952","IOW-ECCA33","74",,"Laureate head right","IMP [CAE]SAR VESPASIANVS AVG","Winged caduceus","PON MAX TR P COS V",,"Denarius (Empire)","Vespasian","Rome","https://finds.org.uk/database/artefacts/record/id/628952"
"631047","SF-0E359B","73","73","Laureate bust right","IMP CAES VESP AVG CENS","Vespasian seated right holding branch and sceptr","PONTIF MAXIM",,"Denarius (Empire)","Vespasian","Rome","https://finds.org.uk/database/artefacts/record/id/631047"
"634442","NMS-44D365","69","79","Head right","[...]VESPASIAN[...]","Altar","PROVIDEN S C",,"As","Vespasian","Rome","https://finds.org.uk/database/artefacts/record/id/634442"
"656940","SUR-1B1639","69","79","Laureate bust facing right","[IMP CAESAR V]ESPASIANVS [AVG]","Judaea seated facing right at foot of trophy","[I]VDAEA",,"Denarius (Empire)","Vespasian","Rome","https://finds.org.uk/database/artefacts/record/id/656940"
"659957","WILT-501CE3","75","79","Laureate head facing right.","IMP CAESAR VESPASIANVS AVG","Jupiter standing left, sacrificing out of a patera over altar and holding sceptre.","IOVIS CVSTOS",,"Denarius (Empire)","Vespasian","Rome","https://finds.org.uk/database/artefacts/record/id/659957"
"660653","SF-7F3221","80","81","Laureate head right","DIVVS AVGVSTVS V[ES]PASIANVS","Victory standing left placing shield on trophy, captive seated at base of trophy","EX S C",,"Denarius (Empire)","Vespasian","Rome","https://finds.org.uk/database/artefacts/record/id/660653"
"66548","WAW-217C06","70","73","Bust right, laureate","IMP CAES V[E]SP A[VG...]","Simpulum, 'aspergillum', jug and lituus","AVGVR / TR[I] POT",,"Denarius (Empire)","Vespasian","Rome","https://finds.org.uk/database/artefacts/record/id/66548"
"71269","YORYM-7807A7","73",,"Head right, laureate","IMP CAES VESP AVG CEN","Salus seated left holding patera","SALVS AVG",,"Denarius (Empire)","Vespasian","Rome","https://finds.org.uk/database/artefacts/record/id/71269"
"713037","LIN-2DF78E","69","70","Laureate head right","IMP CAESAR VESPASIANVS AVG","Judea seated beside trophy","IVDAEA",,"Denarius (Empire)","Vespasian","Rome","https://finds.org.uk/database/artefacts/record/id/713037"
"724041","SWYOR-D7EB07","75","79","Laureate head right","IMP CAESAR VESPASIANVS AVG [anti-clockwise]","Jupiter standing left sacrificing from a patera over and altar and holding a sceptre","[IOVIS] CVSTOS",,"Denarius (Empire)","Vespasian","Rome","https://finds.org.uk/database/artefacts/record/id/724041"
"77082","NLM-3D98A2","70",,"Laureate bust facing right","IMP CAESAR VESPASIANVS AVG","Bare heads of Titus and Domitian face to face","CAESAR AVG F COS CAESAR AVG F PR",,"Denarius (Empire)","Vespasian","Lugdunum","https://finds.org.uk/database/artefacts/record/id/77082"
"89871","NARC-03A078","74","74","Emperor laureate facing right","IMP CAESAR VESP ?AVG","Caduceus (winged staff with two serpents twined around it, symbol of Mercury)","PON MAX TR P COS V",,"Denarius (Empire)","Vespasian","Rome","https://finds.org.uk/database/artefacts/record/id/89871"
"90610","NCL-ABA412","78","79","Laureate head right","CAESAR VESPASIANVS AVG [retrograde]","Annona seated left, with sack of corn ears","ANNON[A AVG]",,"Denarius (Empire)","Vespasian","Rome","https://finds.org.uk/database/artefacts/record/id/90610"
"196698","BH-CB2013","77","78","Laureate head right.","T CAES IMP AVG F TR P COS VI CENSOR","Judea seated right under palm tree, mourning, arms behind.","[IVDAEA CAPTA S C]",,"As","Titus","Lugdunum","https://finds.org.uk/database/artefacts/record/id/196698"
"202208","HAMP-424315","80","81","Head laureate facing right","[IMP T CAES] VESP AVG P [M TR P P P COS VIII]","Vespasian, radiate, standing left presenting a globe to Titus, who stands right: between them, a rudder?","PROVID[ENT AVGVST?]//S C",,"Sestertius","Titus","Rome","https://finds.org.uk/database/artefacts/record/id/202208"
"429654","BH-BAECE2","77","78","Laureate head right, [globe at point].","[T CAES] IMP AVG F TR P COS [VI CENSOR]","Altar.","S-C//(in ex.) PROVIDENT",,"As","Titus","Lugdunum","https://finds.org.uk/database/artefacts/record/id/429654"
"49359","NMGW-591454","77","78","Laureate bust, right","T CAESAR IMP VESPASIANVS","Pair of oxen","COS VI",,"Denarius (Empire)","Titus","Rome","https://finds.org.uk/database/artefacts/record/id/49359"
"49658","NMGW-E93B97","77","78","Laureate bust, right","[T CAESAR IMP VESPASIANVS]","Pair of yoked oxen","COS VI (in ex)",,"Denarius (Empire)","Titus","Rome","https://finds.org.uk/database/artefacts/record/id/49658"
"65964","ESS-8B5921","77","78","Head of Titus, laureate, facing right","[T CAESAR VESPASIANVS]","Sow with three young","[IMP XIII]",,"Denarius (Empire)","Titus","Rome","https://finds.org.uk/database/artefacts/record/id/65964"
"262","HAMP1236","90","91","Head laureate, right","IMP. CAES. DOMIT. AVG. GERM. P. M. TR. P. X","Minerva left, with spear","IMP. XXI. COS. XV CENS. P. P. P",,"Denarius (Empire)","Domitian","Rome","https://finds.org.uk/database/artefacts/record/id/262"
"104518","NCL-1C1706","86","86","Laureate head right","[...]COS XII CENS [...]","Fortuna standing left with rudder and cornucopiae","[FORTVNAE AVGVSTI] S C",,"As","Domitian","Rome","https://finds.org.uk/database/artefacts/record/id/104518"
"137215","HAMP-CE45F5","84",,"Bust laureate facing right with aegis","[IMP CAES DOMI]TIAN AVG [GERM COS X]","Altar with inscription above and below","SALVTI // AVGVST (S / C in field)",,"As","Domitian","Rome","https://finds.org.uk/database/artefacts/record/id/137215"
"137983","SOMDOR-789FD3","91",,"Laureate bust, right","IMP CAES DOMIT AVG GERM P M TR P XI","Minerva standing right on prow, wielding javelin and holding shield","IMP XXI COS XV CENS P P P",,"Denarius (Empire)","Domitian","Rome","https://finds.org.uk/database/artefacts/record/id/137983"
"159011","SOMDOR-8E2A02","90",,"Laureate head, right","IMP CAES DOMIT AVG GERM P M TR P VIIII","Minerva standing left with thunderbolt and spear; shield at feet","IMP XXI COS XV CENS P P P",,"Denarius (Empire)","Domitian","Rome","https://finds.org.uk/database/artefacts/record/id/159011"
"177237","SUSS-E55DF5","80",,"Laureate bust right. ","CAESAR AVG F DOMITIANVS COS VII","Minerva advancing right holding shield and brandishing spear ","PRINCEPS IVVENTVTIS",,"Denarius (Empire)","Domitian","Rome","https://finds.org.uk/database/artefacts/record/id/177237"
"179228","LVPL-8B6538","90",,"Right facing laureate bust.","IMP CAES DOMIT AVG GERM P M TR P VIIII","Minerva standing, left, holding thunderbolt and sceptre with shield at feet.","IMP XXI COS XV CENS P P P",,"Denarius (Empire)","Domitian","Rome","https://finds.org.uk/database/artefacts/record/id/179228"
"223495","LIN-BCACF8","88",,"Laureate bust right","IMP CAES DOMIT AVG GERM TR P VIII","COS XIIII on either side of column inscribed LVD SAEC FEC; all within wreath","COS XIIII LVD SAEC FEC",,"Denarius (Empire)","Domitian","Rome","https://finds.org.uk/database/artefacts/record/id/223495"
"223677","LIN-FB7675","89","90","Laureate bust right","IMP CAES DOMIT AVG GERM P M TR P XI","Minerva standing left holding a vertical spear","IMP XXI COS XV CENS P P P",,"Denarius (Empire)","Domitian","Rome","https://finds.org.uk/database/artefacts/record/id/223677"
"236038","BH-33EA25","90","91","Laureate head right.","IMP CAES DOMIT AVG GERM P M TR P X","Minerva standing left, holding spear and thunderbolt; shield at feet.","IMP XXI COS [XV] CENS P P P",,"Denarius (Empire)","Domitian","Rome","https://finds.org.uk/database/artefacts/record/id/236038"
"264396","HAMP-F16716","88","89","Head laureate facing right","IMP CAES DOMIT AVG [G]E[R]M P M TR P VIII","Minerva standing left, holding thunderbolt and spear: at her feet, a shield","IMP XVII COS XIIII CENS P P P",,"Denarius (Empire)","Domitian","Rome","https://finds.org.uk/database/artefacts/record/id/264396"
"26589","WMID3806","88","89","Laureate bust facing right","IMP CAESAR DOMITIANVS AVG GERMANICVS","Minerva advancing right brandishing javelin","COS XIIII (in field)",,"Denarius (Empire)","Domitian","Rome","https://finds.org.uk/database/artefacts/record/id/26589"
"271713","SF-5A1BE1","87","87","Laureate head right with aegis","IMP CAES DOMIT AVG GERM COS XIII CENS PER P P","Fortuna standing left holding rudder and cornucopiae","FORTVNAE AVGVSTI S C",,"As","Domitian","Rome","https://finds.org.uk/database/artefacts/record/id/271713"
"280167","LIN-E74A15","88","89","Laureate head right","IMP CAES DOMIT AVG GERM COS XII CENS PER P P","Fortuna standing left holding rudder and cornucopiae.","FORTVNAE AVGVSTI; S C",,"As","Domitian","Rome","https://finds.org.uk/database/artefacts/record/id/280167"
"282399","DUR-37D360","77","78","laureate head right","CAESAR [AVG F] DOMITIANVS","Soldier riding right","[COS V]",,"Denarius (Empire)","Domitian","Rome","https://finds.org.uk/database/artefacts/record/id/282399"
"291028","ESS-68CAB6","93","94","Laureate bust, riight","IMP CAES DOMIT AVG GERM P M TR P XIII","Minerva, right, with javelin and shield","IMP XXII COS XVI CENS P P P ",,"Denarius (Empire)","Domitian","Rome","https://finds.org.uk/database/artefacts/record/id/291028"
"382765","SUSS-9EEFC4","96","96","Laureate head facing right","IMP C[AES DOMIT AVG] GERM P M TR P XI","Minerva going right with shield and javelin","[IMP XXI COS X]VI CENS P P P",,"Denarius (Empire)","Domitian","Rome","https://finds.org.uk/database/artefacts/record/id/382765"
"391707","LIN-F91145","90","91","Laureate head right","[IMP CAES DOMIT] AVG GERM COS XII CENS PER P P","Virtus standing right, left foot on helmet, holding spear and parazonium","VIRT[VTI AVGVSTI], S C",,"As","Domitian","Rome","https://finds.org.uk/database/artefacts/record/id/391707"
"401173","SUR-68DE81","86",,"Laureate head facing right"," IMP CAES DOMIT A[VG GERM P M TR P VI]; ","Minerva advancing right with shield and spear"," IMP XIII COS XII [CENS P P P]",,"Denarius (Empire)","Domitian","Rome","https://finds.org.uk/database/artefacts/record/id/401173"
"409271","BH-DA05B0","87",,"Laureate head right.","IMP CAES DOMIT AVG GERM COS XIII [CENS] PER P P","Fortune standing left, holding rudder and cornucopiae.","[FORTVNAE] AVGVSTI S-C",,"As","Domitian","Rome","https://finds.org.uk/database/artefacts/record/id/409271"
"41951","LVPL2306","86",,"Laureate bust right","IMP CAES DOMIT AVG GERM P M TR P VI","Minerva on brow of ship holding shield and brandishing spear, owl at feet.","IMP XIIII COS XII CENS P P P",,"Denarius (Empire)","Domitian","Rome","https://finds.org.uk/database/artefacts/record/id/41951"
"425886","BUC-D3AA90","85","85","Radiate bust right","[IMP CAES DOMITIAN AVG] GERM COS [XI]","Fortuna standing left with rudder and globe; SC in fields","[FORTVNAE A]VG[VSTI]",,"Dupondius","Domitian","Rome","https://finds.org.uk/database/artefacts/record/id/425886"
"440448","BH-FF3223","77","78","Laureate head right.","CAESAR AVG F-DO[MITIANVS]","Horseman, helmeted, hand raised; horse advancing right.","[COS] V",,"Denarius (Empire)","Domitian","Rome","https://finds.org.uk/database/artefacts/record/id/440448"
"468690","SF-810912","76","76","Laureate head right","CAESAR AVG F DOMITIANVS","A cornucopiae","COS IIII",,"Aureus (Republic/Empire)","Domitian","Rome","https://finds.org.uk/database/artefacts/record/id/468690"
"481761","SUSS-421203","85","87","Radiate bust facing right.","[IMP C]AES DOM[ITIAN AVG GERM COS] [...]","Fortune seated or standing (uncertain) left, holding a rudder and cornucopia.","FORTVNAE AVGVSTI",,"Dupondius","Domitian","Rome","https://finds.org.uk/database/artefacts/record/id/481761"
"491800","WILT-0D1DA7","88","89","Radiate head right","] COS XIIII[","Virtus standing right, holding spear and parazonium      S  C","VIR[TVTI  AVGVST]I",,"Dupondius","Domitian","Rome","https://finds.org.uk/database/artefacts/record/id/491800"
"507069","LVPL-744734","88",,"Laureate head right.","IMP CAES DOMIT AVG GERM P M TR P VIII","Cippus in wreath.","COS XIIII LVD SAEC FEC",,"Denarius (Empire)","Domitian","Rome","https://finds.org.uk/database/artefacts/record/id/507069"
"516025","BM-51F938","90","91","Head right","[...]M P M TR P XI","Minerva advancing right brandishing spear and shield","[IMP X]XI COS XV CENS P P",,"Denarius (Empire)","Domitian","Rome","https://finds.org.uk/database/artefacts/record/id/516025"
"540134","HAMP-D0DDE2","86",,"Laureate bust facing right","[IMP CAES DOMIT] AVG GERM COS XII CENS PER [P P]","Fortuna standing left holding a rudder in righthand and cornucopiae in left","FORTVNAE  AVGVSTI    S C in exergue",,"As","Domitian","Rome","https://finds.org.uk/database/artefacts/record/id/540134"
"542957","SF-FC8C77","92","92","Laureate bust right","IMP CAES DOMIT AVG GERM P M TR P XI","Minerva advancing right brandishing a javelin and holding a shield","IMP XXI COS XVI CENS P P P",,"Denarius (Empire)","Domitian","Rome","https://finds.org.uk/database/artefacts/record/id/542957"
"560400","SF-3A69C0","85","89","Radiate bust right","IMP CAES DOMIT AVG GERM COS XI[I?...]","Fortune standing left holding rudder and cornucopiae, S-C in the field","FORTVNAE-[]",,"Dupondius","Domitian","Rome","https://finds.org.uk/database/artefacts/record/id/560400"
"562752","LIN-888204","76","76","Laureate head right","[CAESAR AVG] F DOMITIANVS [COS IIII]","S-C, Spes standing left holding flower & hem of skirt","S C",,"As","Domitian","Rome","https://finds.org.uk/database/artefacts/record/id/562752"
"567801","HAMP-3F4EC3","95","96","Bust radiate facing right","IMP C[AES DOMIT AV]G GE[R]M COS XVII CENS (PER P P)","(Probably) Fortuna standing left holding a rudder in right hand and cornucopiae in left","[...], S/C",,"Dupondius","Domitian","Rome","https://finds.org.uk/database/artefacts/record/id/567801"
"573093","PUBLIC-BD91C4","92","92","A laureate head facing right","(IMP CAES DOMIT AVG GERM P M TR P XI)","Minerva standing left with a thunderbolt, spear and shield","(IMP XXII COS XVI CENS P P P)",,"Denarius (Empire)","Domitian","Rome","https://finds.org.uk/database/artefacts/record/id/573093"
"596954","PAS-0F7F50","92","93","Laureate bust, right.","IMP CAES DOMIT AVG GERM P M TR P XI","Minerva standing left, holding thunderbolt and spear; shield at her left side.","IMP XXII COS XVI CENS P P P",,"Denarius (Empire)","Domitian","Rome","https://finds.org.uk/database/artefacts/record/id/596954"
"596958","PAS-0F9573","92","93","Laureate bust, right.","IMP CAES DOMIT AVG GERM P M TR P XI","Minerva standing left, holding thunderbolt and spear; shield at her left side.","IMP XXII COS XVI CENS P P P",,"Denarius (Empire)","Domitian","Rome","https://finds.org.uk/database/artefacts/record/id/596958"
"60981","SUR-318D15","77","78","Bust facing right","[CAESAR AVG F] DOM[ITIANVS]","Wolf and twins","[COS V]",,"Denarius (Empire)","Domitian","Rome","https://finds.org.uk/database/artefacts/record/id/60981"
"626527","SOM-AA46A0","92","92","Diademed and draped bust of emperor facing right.","IMP CAES DOMIT AVG GERM P M TR P XI","Minerva standing left with thunderbolt and spear, shield at side.","IMP XXII COS XVI CENS P P P",,"Denarius (Empire)","Domitian","Rome","https://finds.org.uk/database/artefacts/record/id/626527"
"653601","LANCUM-07FF11","91","91","Laureate bust right","IMP CAES DOMIT AVG GERM P M TR P XI","Minerva standing left","IMP XXI COS XV CENS P P P",,"Denarius (Empire)","Domitian","Rome","https://finds.org.uk/database/artefacts/record/id/653601"
"68481","NARC-164A10","87",,"Emperor laureate facing right. ","IMP [CAES DOMIT A]VG GERM COS XIII CENS...","Moneta standing left. ","[MONETA A]VGVST[I S].C.",,"As","Domitian","Rome","https://finds.org.uk/database/artefacts/record/id/68481"
"70990","CORN-3E2821","95",,"laureate head facing right
 
 ","IMP CAES DOMIT AVG GERM [P M TR P XIIII]","Minerva advancing right, brandishing javelin in raised right hand and holding round shield in left hand; she is also standing on the prow of a ship
 ","[I]MP XXII COS – XVII CENS [P P P]
",,"Denarius (Empire)","Domitian","Rome","https://finds.org.uk/database/artefacts/record/id/70990"
"714867","SF-4F2E50","93","94","Laureate head right","IMP CAES DOMIT AVG GERM P M TR P XIII","Minerva standing right on prow brandishing javelin and holding shield","IMP XXII COS XVI CENS P P P",,"Denarius (Empire)","Domitian","Rome","https://finds.org.uk/database/artefacts/record/id/714867"
"717170","LIN-653122","77","78","Laureate head right","CAESAR F DOMITIANVS","Helmeted horseman galloping right, his right hand extending and trailing behind him","COS V",,"Denarius (Empire)","Domitian","Rome","https://finds.org.uk/database/artefacts/record/id/717170"
"722145","NMS-C50607","77","78","Laureate head right","CAESAR AVG F DOMITIANVS","Wolf and twins, boat beneath","COS V",,"Denarius (Empire)","Domitian","Rome","https://finds.org.uk/database/artefacts/record/id/722145"
"726585","IOW-9365B1","88","89","Laureate head right","IMP CAE[S DOMIT AVG GERM P M TR] P VIII","Minerva standing left, holding spear in right hand","IMP XVIII COS XIIII CENS P [P P]",,"Denarius (Empire)","Domitian","Rome","https://finds.org.uk/database/artefacts/record/id/726585"
"86772","CORN-69ED82","86",,"radiate head facing right          ","[IMP CAES DOMIT AVG] GERM COS [XII] CENS P[ER P P]","Fortuna standing left holding cornucopia in left arm and rudder in right hand","FO[RTVNAE] AVGVSTI with S C left and right of figure in field",,"Dupondius","Domitian","Rome","https://finds.org.uk/database/artefacts/record/id/86772"
"87862","HESH-61AEB8","92",,"Head, laurate right","[IM]P CAES DOMIT A[VG G]ERM P M T[R P] XI","Minerva left with spear in right hand","IMP XXI COS [X]VI CENS P P P",,"Denarius (Empire)","Domitian","Rome","https://finds.org.uk/database/artefacts/record/id/87862"
"95033","BH-F63DC7","77","78","Laureate head of emperor right.","(right to left) CAESAR AVG F DOMITIANVS","She-wolf standing left, suckling Romulus and Remus; a boat in exergual field.","COS V",,"Denarius (Empire)","Domitian","Rome","https://finds.org.uk/database/artefacts/record/id/95033"
