"taskID","weight","patina","site","surface","toSearch","dateDiscoveryMonth","objectType","gridRef","thickness","width","other","composition","optionsAccuracy","associations","Find spot marker","description","collection","dateDiscoveryDay","remarks","dateDiscoveryYear","rightCorner","length","edge","publications","userID","Lon","Lat","inputBy","imageURL"
"11011","","","england [;] yorkshire [;] york [;] found in a field near york","","york","None","ARROWHEAD","","","","I put the 'Typology' and 'Condition' information in the 'Description' box. And I put the 'Circumstances' information in the 'Site' box","","10000","SINGLE FIND","Find spot marker","Socketed Arrowhead [;] Complete","PRIVATE - Mr Edward C. Parry-Jones [;] The Mause, Trelogan, nr Holywell, Clwyd [;] CH8 9BY","None","","None","","40","","","473","-1.081536","53.95906","Tim Mudie; Dina Fathalla","https://farm4.staticflickr.com/3863/14739481249_2ff9bb1238_b.jpg"
"11011","","","england [;] yorkshire [;] york [;] found in a field near york","","york","None","Arrowhead","","","","","","10000","","Find spot marker","Socketed arrowhead. Complete","Private - Mr Edward C. Parry-Jones [;] The Manor, Trelogan, nr Holywell, [...] CH8 9BY","None","","None","","40","","","541","-1.081536","53.95906","Tim Mudie; Dina Fathalla","https://farm4.staticflickr.com/3863/14739481249_2ff9bb1238_b.jpg"
,,,,,,,,,,,,,,,,,,,,,,,,,,,,,
,,,,,,,,,,,,,,,,,,,,,,,,,,,,,
,,,,,,,,,,,,,,,,,,,,,,,,,,,,,
"11012","","","","","","None","","","","","","","100","","Find spot marker","","","None","","None","","","",""," 1","-3.276575","54.70235","Daniel Pett; Jeff Okazaki","https://farm4.staticflickr.com/3860/14903141726_4306e56568_b.jpg"
"11012","","dark green","wiltshire [;] eastknoyle [;] found sept 1992 by mr. biss metal-detecting in a ploughed field. the object was 3-6"" deep","dark green p. intact; possible waxy coating","east knoyle","9","ARROWHEAD, BARBED AND TANGED","ST 8788 3332","3.2 [;] MaxT e.bev. 2.0","31.5","6 cross section drawings of arrowhead on reverse with text, ""Submitted Object ""Eastknoyle"" Wilts (Mr. T Biss) S. Needham."" and ""drawn:- Scale 1:1 SPC 29/1/93"" [;] Tang appears to have an avulsion on one side separating the metal from the bottom portion of the tang.","","10000","","Find spot marker","TYPOLOGY: good loz. section with neat e. bevels; barbs; taper to inner edges as well, but more blunt than outer; tang flat with crudely chambered sides [;] MANUFACTURE: Grinding marks along e. bevels - localised secondary bevel; bifacial grinding out of notches under barbs; tiny lip of metal where ridge on spur flattened against tang face. [;] CONDITION: edges pretty sharp with only minor damage","Biss, Mr. T. - private (1993) [;] 12 Upton, East Knoyle, Salisbury, Wilts.","None","PIF [;] Rec.: Sn. Jan 93 [;] Source: Sb. A. [;] Add.: (Receipt no. 725)","1992","","61.2","","","243","-2.173337","51.07460","Daniel Pett; Jeff Okazaki","https://farm4.staticflickr.com/3860/14903141726_4306e56568_b.jpg"
,,,,,,,,,,,,,,,,,,,,,,,,,,,,,
,,,,,,,,,,,,,,,,,,,,,,,,,,,,,
,,,,,,,,,,,,,,,,,,,,,,,,,,,,,
"11013","","brown to black","locality unknown","","liverpool","None","Arrowhead","35 gms","blade 2.75","","No accuracy on geolocation reference. [;] 2 cross section drawings of arrowhead on reverse. [;] Arrowhead appears to be barbed and tanged. [;] Fairly wide edge bevel, edge fairly worn and chipped. [;] Tip rounded. [;] Base of tang slightly wider.","","10000","","Find spot marker","","Liverpool Museum [;] 7225","None","","None","","30","blade 16","","243","-2.980539","53.40547","Jeff Okazaki; Terry Jackson-Baker","https://farm6.staticflickr.com/5592/14739469549_c190dfb39d_b.jpg"
"11013","35","brown to black","locality unknown","","","None","Arrowhead","","blade 2.75","Blade 16","the weight is given at top left of card: [;] 35 gms","","100","","Find spot marker","","Liverpool Museum 7225","None","","None","","30","","","411","-3.276575","54.70235","Jeff Okazaki; Terry Jackson-Baker","https://farm6.staticflickr.com/5592/14739469549_c190dfb39d_b.jpg"
,,,,,,,,,,,,,,,,,,,,,,,,,,,,,
,,,,,,,,,,,,,,,,,,,,,,,,,,,,,
,,,,,,,,,,,,,,,,,,,,,,,,,,,,,
"11014","14-17 gms","","locality unknown.","smooth dark bronze","dorset","None","Arrowhead.","","4 blade.","7 tang","2 cross section drawings of arrowhead on reverse. [;] Arrowhead is leaf shaped? [;] Tang extends below blade and connects to blade in a ""V"" shape.","","10000","","Find spot marker","","Farnham Museum [;] Dorset.","None","","None","","60","13 blade","","243","-2.333333","50.75000","Jeff Okazaki; Terry Jackson-Baker","https://farm6.staticflickr.com/5587/14739469869_20e86028f6_b.jpg"
"11014","14.17","","locality unknown","smooth dark bronze","","None","Arrowhead.","","4 blade","13 blade 7 tang","","","100","","Find spot marker","","Farnham Museum [;] Dorset","None","","None","","60","","","411","-3.276575","54.70235","Jeff Okazaki; Terry Jackson-Baker","https://farm6.staticflickr.com/5587/14739469869_20e86028f6_b.jpg"
,,,,,,,,,,,,,,,,,,,,,,,,,,,,,
,,,,,,,,,,,,,,,,,,,,,,,,,,,,,
,,,,,,,,,,,,,,,,,,,,,,,,,,,,,
"11015","14-17 gms","","locality unknown.","Smooth. dark bronze","dorset","None","Arrowhead.","","3.5 blade","tang 8","No accuracy on geolocation reference. [;] 2 cross section drawings of arrowhead on reverse. [;] Arrowhead is tanged and barbed. [;] Barbs very short on tang side. [;] Tang appears slightly damaged, or notches roughly formed. [;] Possible midrib running down centre of blade? [;] Blade long and somewhat leaf shaped, edge tip rounded.","","10000","","Find spot marker","","Farnham Museum [;] Dorset.","None","","None","","60.","blade 12","","243","-2.333333","50.75000","Jeff Okazaki; Terry Jackson-Baker","https://farm4.staticflickr.com/3879/14739521798_5b07ced07a_b.jpg"
"11015","","","locality unknown","smooth. dark bronze","","None","Arrowhead.","","3.5 blade","Blade 12 tang 8","","","100","","Find spot marker","","Farnham Museum [;] Dorset.","None","","None","","60.","","","411","-3.276575","54.70235","Jeff Okazaki; Terry Jackson-Baker","https://farm4.staticflickr.com/3879/14739521798_5b07ced07a_b.jpg"
,,,,,,,,,,,,,,,,,,,,,,,,,,,,,
,,,,,,,,,,,,,,,,,,,,,,,,,,,,,
,,,,,,,,,,,,,,,,,,,,,,,,,,,,,
"11016","7.08","black.","locality unknown","smooth","dorset","None","Arrowhead.","","4","","No accuracy on geolocation reference. [;] 2 cross section drawings of arrowhead on reverse. [;] Arrowhead is barbed, likely tanged. [;] Barbs extremely small or very much worn. [;] Object is roughly oval shaped. [;] Tip rounded.","","10000","","Find spot marker","","Farnham Museum [;] Dorset.","None","","None","","60","blade 13","","243","-2.333333","50.75000","Jeff Okazaki; Terry Jackson-Baker","https://farm4.staticflickr.com/3871/14923055301_be9dec7ed7_b.jpg"
"11016","7.08","black","locality unknown","smooth","","None","Arrowhead.","","4.","blade 13","","","100","","Find spot marker","","Farnham Museum [;] Dorset.","None","","None","","60.","","","411","-3.276575","54.70235","Jeff Okazaki; Terry Jackson-Baker","https://farm4.staticflickr.com/3871/14923055301_be9dec7ed7_b.jpg"
,,,,,,,,,,,,,,,,,,,,,,,,,,,,,
,,,,,,,,,,,,,,,,,,,,,,,,,,,,,
,,,,,,,,,,,,,,,,,,,,,,,,,,,,,
"11017","","slight.","locality unknown.","","","None","Arrowhead","","blade 3","","No accuracy on geolocation reference. [;] 1 side profile drawing of arrowhead on reverse. [;] Arrowhead is tanged and barbed. [;] Tang extends quite far below barbs, else drawing shows remnant of wood shaft. [;] Barbs cut into blade quite far but notches do not extend all the way up barbs. [;] Tang is roughly triangular with wider mouth. [;] Edge has a chip on one side. [;] Tip pointed.","","10000","","Find spot marker","","Peabody Museum. Harvard University [;] Haynes Colln. By bequest 1912.\ [;] Cambridge. Mass. [;] E2236","None","","None","","80","blade 17","","243","-3.540247","52.61967","Jeff Okazaki; Terry Jackson-Baker","https://farm4.staticflickr.com/3901/14739562277_3fdd4ac2d6_b.jpg"
"11017","","slight","locality unknown.","","","None","Arrowhead","","blade 3","blade 17","","","100","","Find spot marker","","Peabody Museum. Harvard University [;] Cambridge. Mass [;] E2236 [;] Haynes Colln. [;] By bequest 1912.","None","","None","","80","","","411","-3.276575","54.70235","Jeff Okazaki; Terry Jackson-Baker","https://farm4.staticflickr.com/3901/14739562277_3fdd4ac2d6_b.jpg"
,,,,,,,,,,,,,,,,,,,,,,,,,,,,,
,,,,,,,,,,,,,,,,,,,,,,,,,,,,,
,,,,,,,,,,,,,,,,,,,,,,,,,,,,,
"11018","","","locality unknown","breccia incrustation","","None","Arrowhead.","","blade 6","Socket 8","No accuracy on geolocation reference. [;] 2 cross section drawings of arrowhead on reverse. [;] Arrowhead is tanged and barbed. [;] Socket wall of tang is broken on one side near base. Socket extends up through blade creating tapering midrib. [;] Blade wavy, widening near centre, then taper to tip. [;] Tip fairly pointed but blunt.","","10000","","Find spot marker","Socket broken","Peabody Museum [;] E 2232. [;] Harvard University [;] Cambridge. Mass. [;] Bequest of Prof. Hy. W. Haynes. 1912.","None","","None","","40","blade 15","","243","-3.716028","53.67388","Jeff Okazaki; Dina Fathalla","https://farm4.staticflickr.com/3911/14739471119_d5e3775ca4_b.jpg"
"11018","","","locality unknown","breccia incrustation","","None","Arrowhead","","6","15","Included blade width 15mm, but didn't know where to put socket weight (8mm)","","100","","Find spot marker","Socket broken","Peabody Museum E2232 [;] Harvard University [;] Cambridge. Mass. [;] Bequest of Prof. Hy. W. Haynes. 1912.","None","","None","","40","","","473","-3.276575","54.70235","Jeff Okazaki; Dina Fathalla","https://farm4.staticflickr.com/3911/14739471119_d5e3775ca4_b.jpg"
,,,,,,,,,,,,,,,,,,,,,,,,,,,,,
,,,,,,,,,,,,,,,,,,,,,,,,,,,,,
,,,,,,,,,,,,,,,,,,,,,,,,,,,,,
"11019","","","locality unknown","encrusted in hollows.","","None","Arrowhead.","","blade 4 [;] Socket 7","socket 7","2 cross section drawings of arrowhead on reverse. [;] Arrowhead appears to be slightly bent or otherwise misshapen. [;] Arrowhead is notched and tanged. [;] Portion of blade missing and encrusted over?","","10000","","Find spot marker","Socket broken off.","Peabody Museum [;] E2234 [;] Harvard University [;] Cambridge, Mass. [;] Bequest of Prof. Hy. W. Haynes. 1912.","None","","None","","42.5","blade 9.5","","243","-2.749232","53.93340","Jeff Okazaki; Dina Fathalla","https://farm4.staticflickr.com/3876/14739468980_3e27eb174a_b.jpg"
"11019","","","locality unknown","encrusted in hollows.","","None","Arrowhead","","4","9.5","Need another section for the socket measurements. Only transcribed the blade measurements, pending is: socket width and thickness.","","100","","Find spot marker","Socket broken off.","Peabody Museum E2234 [;] Harvard University [;] Cambridge. Mass. [;] Bequest of Prof. Hy. W. Haynes. 1912.","None","","None","","42.5","","","473","-3.276575","54.70235","Jeff Okazaki; Dina Fathalla","https://farm4.staticflickr.com/3876/14739468980_3e27eb174a_b.jpg"
,,,,,,,,,,,,,,,,,,,,,,,,,,,,,
,,,,,,,,,,,,,,,,,,,,,,,,,,,,,
,,,,,,,,,,,,,,,,,,,,,,,,,,,,,
"11020","","light patina","unknown","","","None","Arrow head.","","blade 3","tang 8.5","No accuracy on geolocation reference. [;] 1 cross section drawing of arrowhead on reverse with text ""depression of 1.5mm"" pointing to mid-line of blade and ""circular"" pointing to widest point of tang. [;] Tanged and barbed. [;] Notches under barbs are deeply grooved, one crossing the centre line. [;] Mid-line ""depression"" runs from tip to top of one groove where in angles over onto one barb. [;] Tip is quite rounded.","","10000","","Find spot marker","","Peabody Museum [;] E2229 [;] Harvard University [;] Cambridge. Mass. [;] Bequest of Prof. Hy. W. Haynes. 1912.","None","","None","","56.","blade 13","","243","-3.276575","54.70235","Jeff Okazaki; Dina Fathalla","https://farm4.staticflickr.com/3922/14739563327_023ce3fbb3_b.jpg"
"11020","","light","unknown","","","None","Arrowhead","","3","blade 13, tang 8.5","","","100","","Find spot marker","","Peabody Museum E2229 [;] Harvard University [;] Cambridge. Mass. [;] Bequest of Prof. Hy. W. Haynes. 1912.","None","","None","","56","","","473","-3.276575","54.70235","Jeff Okazaki; Dina Fathalla","https://farm4.staticflickr.com/3922/14739563327_023ce3fbb3_b.jpg"
,,,,,,,,,,,,,,,,,,,,,,,,,,,,,
,,,,,,,,,,,,,,,,,,,,,,,,,,,,,
,,,,,,,,,,,,,,,,,,,,,,,,,,,,,
"11021","","Light.","locality unknown","","","None","Arrow head.","","blade 4 [;] socket 7.5","7.5 socket.","No accuracy on geolocation reference. [;] 2 cross section drawings of arrowhead on reverse with text ""A"" pointing to hole in top portion of tang. [;] Arrowhead is tanged and barbed. [;] Object is fairly triangular with pointed tip. [;] Tang and socket extend up into blade.","","10000","","Find spot marker","Perforation at A","Peabody Museum [;] E2230. [;] Harvard University [;] Cambridge. Mass. [;] Bequest of Prof. Hy. W. Haynes. 1912.","None","","None","","46","15 blade","","243","-3.276575","54.70235","Jeff Okazaki; Dina Fathalla","https://farm6.staticflickr.com/5584/14739523168_becb675b78_b.jpg"
"11021","","light.","locality unknown","","","None","Arrowhead","","blade 4, socket 7.5","15 blade, 7.5 socket","","","100","","Find spot marker","Perforation at A","Peabody Museum [;] Harvard University E2230 [;] Cambridge. Mass. [;] Bequest of Prof. H. W. Haynes. 1912.","None","","None","","46","","","473","-3.276575","54.70235","Jeff Okazaki; Dina Fathalla","https://farm6.staticflickr.com/5584/14739523168_becb675b78_b.jpg"
,,,,,,,,,,,,,,,,,,,,,,,,,,,,,
,,,,,,,,,,,,,,,,,,,,,,,,,,,,,
,,,,,,,,,,,,,,,,,,,,,,,,,,,,,
"11022","","","locality unknown.","","","None","Arrow Heads","","","","No accuracy on geolocation reference. [;] Appears to be a collection of 12 arrowheads and arrowhead fragments individually listed in side profile drawings on reverse. As follows from left column top-to-bottom to right column top-to-bottom. [;] L 35, W 13, Wt 6gms - midrib, fairly decayed, blade only. [;] L 34, W 14, Wt 3.5gms - Angular, diamond shaped, multiple bevels, blade only. [;] L 47, W 15, Wt 5gms - Somewhat diamond shaped, likely socketed and barbed, tang socket creates tapering midrib. [;] L 48, W 16, Wt 17gms - Triangular, tanged and barbed, tang quite small, tip square and blunt probably missing. [;] L 66, Wbl 12, Wsocket 10, Wt 7gms - Probably quite damaged and decayed, tang/socket? nearly as long as blade. [;] L 16, W 8, Wt 1gm. - Fragment, portion of blade. [;] L 12, W 9, Wt 1.5gms - Fragment, portion of blade. [;] L 18, W 7, Wt 1gm. - Triangular, relatively thick tang, mid rib or depression, edge bevels. [;] L 16, W 10, Wt 2gms - Triangular, barbed and tanged, tang quite short and stout, barb worn away on one side. [;] L 20, W 9, Wt 1.5gms - Somewhat triangular, possibly socketed?","bronze","10000","","Find spot marker","","Chadwick Museum [;] Bolton","None","","None","","","","","243","-3.276575","54.70235","Jeff Okazaki; Dina Fathalla","https://farm6.staticflickr.com/5586/14926139755_f60f571246_b.jpg"
"11022","","","locality unknown.","","","None","Arrow Heads","","","","","bronze","100","","Find spot marker","","Chadwick Museum [;] Bolton","None","","None","","","","","473","-3.276575","54.70235","Jeff Okazaki; Dina Fathalla","https://farm6.staticflickr.com/5586/14926139755_f60f571246_b.jpg"
,,,,,,,,,,,,,,,,,,,,,,,,,,,,,
,,,,,,,,,,,,,,,,,,,,,,,,,,,,,
,,,,,,,,,,,,,,,,,,,,,,,,,,,,,
"11023","","","locality unknown","A Smooth, dark brown bronze, some medium green patina [;] B cleaned. Dark Indian Red Colour, which may be the remains of patina [;] C Smooth brownish colour. Some grey green patina. [;] D Smooth, slight powdery, light green patina on dark bronze [;] E Smooth, light green patina, partly covered with soil.","","None","Arrow heads.","","A 8 [;] B 12, 8.5 [;] C 11 [;] D 8.5 [;] E 12","A 18 [;] B 18.5, 17 [;] C 18 [;] D 16 [;] E 17.5","No accuracy on geolocation reference. [;] 5 side profile drawings of arrow heads on reverse as follows. [;] A with text ""8mm thick"" pointing to midrib and ""tang bent"" pointing to tang near blade. Tang quite long, barbed, pointed tip. [;] B with text 12mm thick pointing to blade where it meets tang. Also a top cross section profile of blade which is diamond shaped. Tang is quite long, and merges into blade where it wraps around to barbs. [;] C with text ""11mm thick"" pointing to blade just above tang, and ""tang bent"" pointing to tang just below blade, tang and barbs quite long. [;] D with text ""8.5mm thick"" pointing to blade at tang., tang is drawn bent to one side, barbs extant but blunted and worn down. Blade triangular with some chips and blunted, square tip. [;] E with text ""12mm thick"" pointing to bottom of blade where it meets tang. Very triangular shaped, tanged with no barbs. [;] Also text on reverse of card ""All sections similar to section of B"" referring to diamond-shaped top cross-section.","","10000","","Find spot marker","","Sold at Sotheby's - 22nd / July 1926. [;] Lot 199. [;] owner unknown","None","Also one other in this lot. made of iron. (not drawn)","None","","A 90 [;] B 102.5 [;] C 93 [;] D 67.5 [;] E 47","","","243","-3.276575","54.70235","Jeff Okazaki; Margaret Ellen Joy","https://farm6.staticflickr.com/5581/14903142326_8df4154a0b_b.jpg"
"11023","","","locality unknown","A: smooth, dark brown bronze, some medium green patina ; B: cleaned, dark indian red colour, which may be the remains of patina ; C: smooth brownish colour. Some grey green patina ; D: smooth, slight powdery, light green patina over dark bronze ; E: smooth, light green patina, partly covered with soil","","None","Arrowheads","","A: 8 ; B: 12 8.5 ; C: 11 ; D: 8.5 ; E: 12","A: 18 ; B: 18.5 17 ; C: 18 ; D: 16 ; E: 17.5","These finds were not Georeferenced as the find site is unknown. [;] The card refers to an auction lot of 5 spearheads.","","100","","Find spot marker","","Sold at Sotheby's, 22nd July 1926, Lot 199, owner unknown","None","Also one other in this lot, made of iron (not drawn)","None","not given","A: 90 ; B: 102.5 ; C: 93 ; D: 67.5 ; E: 47","","","528","-3.276575","54.70235","Jeff Okazaki; Margaret Ellen Joy","https://farm6.staticflickr.com/5581/14903142326_8df4154a0b_b.jpg"
,,,,,,,,,,,,,,,,,,,,,,,,,,,,,
,,,,,,,,,,,,,,,,,,,,,,,,,,,,,
,,,,,,,,,,,,,,,,,,,,,,,,,,,,,
"11024","","A: Dark green patina [;] B: Dark green patina","locality unknown","A: Smooth. Slightly encrusted. [;] B: Encrusted over with whitish soil. C: Cleaned. No patina. Dark blackish brown colour. Tang is bent at end","","None","Arrow Heads","","A: 10 [;] B 11 [;] C 10","A: 14 [;] B 19 [;] C 16","","","100","","Find spot marker","","Sold at Sotheby's 22nd July 1926. [;] Owner unknown [;] Lot 198","None","Similar in sections to those in Lot 199. There is another in this lot but made of iron not drawn [;] (2 cards)","None","","A: 70 [;] B: 76 [;] C: 90","",""," 64","-3.276575","54.70235","Hugh Fiske; Margaret Ellen Joy","https://farm6.staticflickr.com/5553/14925780612_61b20a468b_b.jpg"
"11024","","","locality unknown","A: smooth, slightly encrusted dark green patina ; B: encrusted over with whitish soil, dark green patina ; C: cleaned. No patina. Dark blackish brown colour. Tang is bent at end","","None","Arrowheads","","A: 10 ; B: 11 ; C: 10","A: 14 ; B: 19 ; C: 16","The items could not be Georeferenced as the find location(s) are unknown. [;] ","","100","","Find spot marker","","Sold at Sotheby's 22nd July 1926, Lot 198, owner unknown","None","Similar in sections to those in Lot 199. There is another in this lot, but made of iron, not drawn [;] (2 cards)","None","not given","A: 70 ; B: 76 ; C: 90","","","528","-3.276575","54.70235","Hugh Fiske; Margaret Ellen Joy","https://farm6.staticflickr.com/5553/14925780612_61b20a468b_b.jpg"
,,,,,,,,,,,,,,,,,,,,,,,,,,,,,
,,,,,,,,,,,,,,,,,,,,,,,,,,,,,
,,,,,,,,,,,,,,,,,,,,,,,,,,,,,
"11025","","A: matte medium green patina [;] B: Slightly matte green patina over dark bronze","locality unknown","A: Smooth. slightly corrosive. Some bubble holes on blade [;] B: Smooth.","","None","Arrow heads","","A: 5. 10 [;] B: 7. 10.5","A: 22. 18 [;] B: 18. 14","","","100","","Find spot marker","","Sold at Sotheby's 22nd July 1926. [;] owner unknown [;] Lot 198","None","There is another in this lot, but made of iron [;] not drawn [;] (2 cards)","None","","A: 79 [;] B: 93.5","",""," 64","-3.276575","54.70235","Hugh Fiske; Margaret Ellen Joy","https://farm6.staticflickr.com/5589/14739523798_fc6e73b8a2_b.jpg"
"11025","","","locality unknown","A: smooth, slightly corrosive matte medium green patina, some bubble holes on blade ; B: smooth, slightly matte green patina over dark bronze","","None","Arrowheads","","A: 5 10 ; B: 7 10.5","A: 22.18 ; B: 18.14","Items could not be Georeferenced as find location(s) are unknown. [;] Card describes 2 spearheads auctioned as a lot.","","100","","Find spot marker","","Sold at Sotheby's 22nd July 1926, Lot 198, owner unknown","None","There is another in this lot, but made of iron, not drawn [;] (2 cards)","None","not given","A: 79 ; B: 93.5","","","528","-3.276575","54.70235","Hugh Fiske; Margaret Ellen Joy","https://farm6.staticflickr.com/5589/14739523798_fc6e73b8a2_b.jpg"
,,,,,,,,,,,,,,,,,,,,,,,,,,,,,
,,,,,,,,,,,,,,,,,,,,,,,,,,,,,
,,,,,,,,,,,,,,,,,,,,,,,,,,,,,
"11026","","","locality unknown","","","None","Arrow heads","","A: - [;] B: 1 [;] C: 8.5","A: 9 [;] B: 10.5 [;] C: 21","","","100","","Find spot marker","Dark bronze nearly covered with encrusted dark green patina. Small hole in blade through which is a ring holding label. [;] B: In centre of blade is a hole* or depression now filled with a lighter green coloured patina. Smooth thick medium green patina. *Smaller other side [;] C: Smooth. Dark brown thin patina partly covered with light grey green","Sold at Sotheby's 22nd July 1926. [;] owner unknown [;] Lot 200","None","There is another card for this lot (1 item is Roman, & another made of iron) not drawn","None","","A: 20.5 [;] B: 76 [;] C: 68","",""," 64","-3.276575","54.70235","Hugh Fiske; Jeff Okazaki; scruffyarcher","https://farm4.staticflickr.com/3845/14739469850_8908ba45d4_b.jpg"
"11026","","","locality unknown","","","None","Arrow heads.","","A / [;] B 1mm (just over) [;] C 8.5","A 9 [;] B 10.5 [;] C 21","No accuracy on geolocation reference. [;] 3 arrowheads drawn on reverse. [;] A. Triangular, tri-bladed arrowhead with central socket?, roughly triangular on side profile. Has text ""hole"" pointing to small hole on bottom of blade. Very vague possible barbs. [;] B. Quite long, almost spoon-shaped. Tang extremely long with text ""round section"" point toward end, tang slightly bent to one side. Blade is oval-shaped with a triangular tip attached to one end. [;] C. 3 cross section drawings. Tanged and barbed. Pointed tip, roughly triangular.","","1000","","Find spot marker","A. Dark bronze. nearly covered with encrusted dark green patina. Small hole in blade through which is a ring holding label [;] B. In centre of blade is a hole* or depression. now filled with a lighter green coloured patina. Smooth. thick medium green patina. * smaller other side. [;] C. Smooth. Dark brown thin patina, party covered with light grey green.","Sold at Sotheby's 22nd July 1926. Lot 200 [;] owner unknown","None","There is another card for this lot (1 item is Roman, & another made of iron). not drawn.","None","","A 20.5 [;] B 76 [;] C 68","","","243","-3.276575","54.70235","Hugh Fiske; Jeff Okazaki; scruffyarcher","https://farm4.staticflickr.com/3845/14739469850_8908ba45d4_b.jpg"
"11026","","","locality unknown","A small hole in blade through which is a ring holding label B Smooth. thick medium green patina smaller than other side","","None","Arrow heads","","","A 9, B 10.5, C 21","","Dark bronze, nearly covered with encrusted dark green patina. B in center of blade is a hole or depression, now filled with lighter green colored patina. C smooth. dark brown thin patina, partly covered with light grey green","100","","Find spot marker","","Sold at Sotheby's 22nd July 1926 Lot 200 [;] Owner unknown","None","There is another card for this lot [;] (1 item is Roman and another made of iron) [;] Not drawn","None","","A 20.5, B 76, C 68","","","482","-3.276575","54.70235","Hugh Fiske; Jeff Okazaki; scruffyarcher","https://farm4.staticflickr.com/3845/14739469850_8908ba45d4_b.jpg"
,,,,,,,,,,,,,,,,,,,,,,,,,,,,,
,,,,,,,,,,,,,,,,,,,,,,,,,,,,,
,,,,,,,,,,,,,,,,,,,,,,,,,,,,,
"11027","24.4","Bronze","locality unknown","Slightly pitted","","None","Arrow Head","","2","25","","","100","","Find spot marker","","Carlisle Museum 248 [;] R.F.412","None","","None","","82","",""," 64","-3.276575","54.70235","Hugh Fiske; Jeff Okazaki; scruffyarcher","https://farm6.staticflickr.com/5580/14903143146_9a286cefe4_b.jpg"
"11027","24.4","Bronze.","locality unknown","Slightly pitted","","None","Arrow Head.","","2","25","No accuracy on geolocation reference. [;] One side profile drawing on reverse. [;] Blade is diamond-shaped. Midrib extending from tang almost to blade tip. 2 side bevels? on rear portion (facing tang) of blade, bevels (ridges?) connect to tang. Tang nearly as long as blade, widens at butt.","","10000","","Find spot marker","","Carlisle Museum. 248 [;] R.F. 412.","None","","None","","82","","","243","-3.276575","54.70235","Hugh Fiske; Jeff Okazaki; scruffyarcher","https://farm6.staticflickr.com/5580/14903143146_9a286cefe4_b.jpg"
"11027","24.4","Slightly pitted bronze","locality unknown","","","None","Arrow head","","2","25","","","100","","Find spot marker","","Carlisle museum 248 RF 412","None","","None","","82","","","482","-3.276575","54.70235","Hugh Fiske; Jeff Okazaki; scruffyarcher","https://farm6.staticflickr.com/5580/14903143146_9a286cefe4_b.jpg"
,,,,,,,,,,,,,,,,,,,,,,,,,,,,,
,,,,,,,,,,,,,,,,,,,,,,,,,,,,,
,,,,,,,,,,,,,,,,,,,,,,,,,,,,,
"11028","7","","","","","None","Arrow-head","","","","","Bronze","100","","Find spot marker","","B'ham Natural History Museum","None","No particulars on this whatever","None","","45","",""," 64","-3.276575","54.70235","Hugh Fiske; Jeff Okazaki","https://farm4.staticflickr.com/3924/14923057561_8d01561882_b.jpg"
"11028","7","","","","","None","Arrow-head.","","","","3 cross section drawings of arrowhead on reverse with text, ""no73. Jany 21st 1921 E.C. middeton Hardwick RS Streetly. [;] Cross section of blade is diamond shaped, side profile is triangular. [;] Socket below blade with intact mouth, socket appears to create a slight midrib? 2 notches on socket. [;] Tip rounded.","Bronze","10000","","Find spot marker","","Bham Natural History Museum","None","No particulars or nos whatever","None","","45","","","243","-3.276575","54.70235","Hugh Fiske; Jeff Okazaki","https://farm4.staticflickr.com/3924/14923057561_8d01561882_b.jpg"
,,,,,,,,,,,,,,,,,,,,,,,,,,,,,
,,,,,,,,,,,,,,,,,,,,,,,,,,,,,
,,,,,,,,,,,,,,,,,,,,,,,,,,,,,
"11029","","","locality unknown","","","None","Arrowheads","","","A: blade 10 socket 6 [;] B: blade 11 socket 6 [;] C: blade 10 socket 6 [;] D: blade 12 socket 9","","","100","","Find spot marker","A: Flanged. broken tip [;] B: Light green patina [;] C: Good condition sharp edges & point [;] D: broken & cracked. corroded","Museum Observatory Dumfries","None","","None","","A: 28 [;] B: 29 [;] C: 36 [;] D: 38","","Reports on Local Museums in Scotland. Anderson & Black 1887. p415-6"," 64","-3.276575","54.70235","Hugh Fiske; Jeff Okazaki; Margaret Ellen Joy","https://farm6.staticflickr.com/5569/14923057911_a914f9724f_b.jpg"
"11029","A 3.7 [;] B 4.5 [;] C 2.26 [;] D 5.1","","locality unknown","","","None","Arrowheads","","","Sockets, A 6 [;] B 6 [;] C 6 [;] D 9.","No accuracy on geolocation reference. [;] 4 cross sections of arrowheads on reverse. [;] A. Tri-bladed with socket on lower half of blade, roughly diamond shaped on side profile, blades relatively thick. [;] B. Tri-faced, no distinct blades, pyramid shaped top profile. Appears to be socketed? [;] C. Tri-bladed, socket on lower half of blade. Blades relatively thin, appears to be a more intact version of A. [;] D. Tri-bladed, socket on lower half of blade, socket is fairly large. Roughly diamond shaped on side profile, fairly worn.","","10000","","Find spot marker","A. Flanged. broken tip [;] B Light green patina [;] C Good condition sharp edges & point. [;] D. broken & cracked. corroded","Museum Observatory [;] Dumfries.","None","","None","","A 28 [;] B 29 [;] C 36 [;] D 38","Blades, A 10 [;] B 11 [;] C 10 [;] D 12","Reports on Local Museums in Scotland. Anderson & Bleach 1887. p 415-6","243","-3.276575","54.70235","Hugh Fiske; Jeff Okazaki; Margaret Ellen Joy","https://farm6.staticflickr.com/5569/14923057911_a914f9724f_b.jpg"
"11029","A: 3.7 ; B: 4.5 ; C: 2.26 ; D: 5.1","","locality unknown","","","None","Arrowheads","","","A: blade 10 socket 6 ; B: blade 11 socket 6 ; C: blade 10 socket 6 ; D: blade 12 socket 9","","","100","","Find spot marker","A: Flanged, broken tip : B: light green patina ; C: good condition, sharp edges and point ; D: broken and cracked, corroded","Museum Observatory, Dumfries","None","Objects not Georeferenced as find location(s) unknown","None","not stated","A: 28 ; B: 29 ; C: 36 ; D: 38","","Reports on Local Museums in Scotland, Anderson and Black, 1887, pp. 415-6","528","-3.276575","54.70235","Hugh Fiske; Jeff Okazaki; Margaret Ellen Joy","https://farm6.staticflickr.com/5569/14923057911_a914f9724f_b.jpg"
,,,,,,,,,,,,,,,,,,,,,,,,,,,,,
,,,,,,,,,,,,,,,,,,,,,,,,,,,,,
,,,,,,,,,,,,,,,,,,,,,,,,,,,,,
"11030","","rough patina in places","locality unknown","","","None","Arrow head","","","10.5 blade","","","100","","Find spot marker","Edges damaged. One flange bent over.","Peabody Museum [;] Harvard University [;] Cambridge. Mass. [;] Bequest of Prof. Hy. W. Haynes 1912","None","","None","","35","",""," 64","-3.276575","54.70235","Hugh Fiske; Jeff Okazaki; scruffyarcher","https://farm6.staticflickr.com/5573/14739524648_50d63479d3_b.jpg"
"11030","","rough patina in places","locality unknown.","","","None","Arrowhead.","Secn.","","","3 cross section drawings of arrowhead on reverse. [;] Tri-bladed, socket on lower half.","","10000","","Find spot marker","Edges damaged. one flange bent over.","Peabody Museum [;] E2231 [;] Harvard University [;] Cambridge. Mass. [;] Bequest of Prof. Hy. W. Haynes. 1912.","None","","None","","35","10.5 blade","","243","-3.276575","54.70235","Hugh Fiske; Jeff Okazaki; scruffyarcher","https://farm6.staticflickr.com/5573/14739524648_50d63479d3_b.jpg"
"11030","","in places","locality unknown","Rough","","None","Arrow Head","","","10.5","","Edges damaged. One flange bent over","100","","Find spot marker","","Peabody Museum E 2231 [;] Harvard University [;] Cambridge, Mass. [;] Bequest of Prof. Hy, W Haynes 1912","None","","None","","35","","","482","-3.276575","54.70235","Hugh Fiske; Jeff Okazaki; scruffyarcher","https://farm6.staticflickr.com/5573/14739524648_50d63479d3_b.jpg"
,,,,,,,,,,,,,,,,,,,,,,,,,,,,,
,,,,,,,,,,,,,,,,,,,,,,,,,,,,,
,,,,,,,,,,,,,,,,,,,,,,,,,,,,,
"11031","","very heavy","locality unknown","","","None","Arrow head","","","blade 11","","","100","","Find spot marker","","Peabody Museum [;] Harvard University [;] Cambridhe. Mass. [;] Bequest of Prof. Hy. W. Haynes 1912","None","","None","","28","",""," 64","-3.276575","54.70235","Hugh Fiske; Jeff Okazaki","https://farm4.staticflickr.com/3883/14903143836_7df6b1a470_b.jpg"
"11031","","very heavy patina","locality unknown","","","None","Arrow head.","Secn.","","","No accuracy on Geolocation reference. [;] 3 cross section drawings of arrowhead on reverse. [;] Roughly diamond shaped on side profile. Tri-bladed, socket on bottom.","","10000","","Find spot marker","","Peabody Museum [;] E2352 [;] Harvard University [;] Cambridge. Mass [;] Bequest of Prof. Hy. W. Haynes. 1912.","None","","None","","28","blade 11","","243","-3.276575","54.70235","Hugh Fiske; Jeff Okazaki","https://farm4.staticflickr.com/3883/14903143836_7df6b1a470_b.jpg"
,,,,,,,,,,,,,,,,,,,,,,,,,,,,,
,,,,,,,,,,,,,,,,,,,,,,,,,,,,,
,,,,,,,,,,,,,,,,,,,,,,,,,,,,,
"11032","","medium","locality unknown","","","None","Arrow head","","4.5 blade","blade 17","","","100","","Find spot marker","","Peabody Museum [;] E2350 [;] Harvard University [;] Cambridge Mass [;] Bequest of Prof. Hy. W. Haynes. 1912","None","","None","","47","",""," 64","-3.276575","54.70235","Hugh Fiske; Jeff Okazaki","https://farm6.staticflickr.com/5566/14739524758_1f9d736e36_b.jpg"
"11032","","medium patina","locality unknown","","","None","Arrow head.","? original & Secn","4.5 blade","","2 cross section drawings of arrowhead on reverse. [;] Top profile is diamond shaped. Side profile is roughly triangular. [;] Arrowhead is tanged, tang appears slightly offset from centre.","","10000","","Find spot marker","","Peabody Museum [;] E2352 [;] Harvard University [;] Cambridge. Mass [;] Bequest of Prof. Hy. W. Haynes. 1912.","None","","None","","47","blade 17","","243","-3.276575","54.70235","Hugh Fiske; Jeff Okazaki","https://farm6.staticflickr.com/5566/14739524758_1f9d736e36_b.jpg"
,,,,,,,,,,,,,,,,,,,,,,,,,,,,,
,,,,,,,,,,,,,,,,,,,,,,,,,,,,,
,,,,,,,,,,,,,,,,,,,,,,,,,,,,,
"11033","","medium","locality unknown","","","None","Arrow head","","","blade 12","","","100","","Find spot marker","","Peabody Museum [;] E2233 [;] Harvard Museum [;] Cambridge. Mass. [;] Bequest of Prof. Hy. W. Haynes. 1912","None","","None","","32","",""," 64","-3.276575","54.70235","Hugh Fiske; Jeff Okazaki","https://farm6.staticflickr.com/5559/14739470750_6ed32c695f_b.jpg"
"11033","","medium patina","locality unknown.","","","None","Arrow head.","","","","No accuracy on geolocation reference. [;] 3 cross section drawings of arrowhead on reverse. [;] Tri-bladed. Side profile roughly diamond shaped, socket on bottom half of blade.","","10000","","Find spot marker","","Peabody Museum [;] E2233 [;] Harvard University [;] Cambridge. Mass [;] Bequest of Prof. Hy. W. Haynes. 1912.","None","","None","Secn.","32","blade 12","","243","-3.276575","54.70235","Hugh Fiske; Jeff Okazaki","https://farm6.staticflickr.com/5559/14739470750_6ed32c695f_b.jpg"
,,,,,,,,,,,,,,,,,,,,,,,,,,,,,
,,,,,,,,,,,,,,,,,,,,,,,,,,,,,
,,,,,,,,,,,,,,,,,,,,,,,,,,,,,
"11034","8","","unknown","","","None","ARROWHEAD","","","blade width 16","Modern card, fields do not match data entry template [;] ","","100","","Find spot marker","Typology: Arrowhead, tanged with square section tang terminating in flattened end [;] Condition: complete","PRIVATE (1999) Pritchard, Mr D [;] 20 Rushton Crescent, Bournemouth [;] BH3 7AF","None","","None","","79 [;] length of tang 35","",""," 64","-3.276575","54.70235","Hugh Fiske; Jeff Okazaki","https://farm4.staticflickr.com/3897/14926141495_465ebba22c_b.jpg"
"11034","8","","unknown","","","None","ARROWHEAD","","","","No accuracy in geolocation reference. [;] 1 side profile picture of arrowhead on reverse.","","10000","?","Find spot marker","Arrowhead, tanged with square section tang terminating in flattened end. [;] CONDITION: complete","PRIVATE (1999), Pritchard, Mr D [;] 20 Rushton Crescent, Bournmouth [;] BH3 7AF","None","Purchased by Mr Pritchard.","None","","79 [;] Length of Tang 35","Blade 16","","243","-3.276575","54.70235","Hugh Fiske; Jeff Okazaki","https://farm4.staticflickr.com/3897/14926141495_465ebba22c_b.jpg"
,,,,,,,,,,,,,,,,,,,,,,,,,,,,,
,,,,,,,,,,,,,,,,,,,,,,,,,,,,,
,,,,,,,,,,,,,,,,,,,,,,,,,,,,,
"11035","","A: Some reddish brown patina [;] B: Thin reddish brown patina & dark bronze tang","locality unknown","A: Cleaned. dark golden bronze. [;] B: Smooth","","None","Arrow heads","","A: 9. 3. 11.5 [;] B: 9.75","A: 18 [;] B: 17.25","","","100","","Find spot marker","","Sold at Sotheby's 22nd July 1926. [;] owner unknown [;] Lot 200","None","There is another card for this lot (1 item is Roman & another made of iron) [;] not drawn","None","","A: 94 [;] B: 99","",""," 64","-3.276575","54.70235","Hugh Fiske; Jeff Okazaki","https://farm6.staticflickr.com/5569/14739471030_ff505ccf2b_b.jpg"
"11035","","","locality unknown.","A. Cleaned. dark golden bronze Some reddish brown patina [;] B. Smooth. thin reddish brown patina. & dark bronze tang","","None","Arrowheads.","","A 9., 3, 11.5 [;] B 9.75","A 18 [;] B 17.25","No accuracy on geolocation reference. [;] Cross section drawings of 2 arrowheads on reverse. [;] A. 3 cross section drawings (other two probably apply to both objects) with text, ""11.5 thick"" pointing to blade just above tang. Tang quite long. Arrowhead is barbed, barbs fairly long. Roughly triangular side profile. Top profile is diamond shaped. [;] B. 1 side profile drawing with text ""9.75 thick"" pointing to blade just above tang, and also ""tang bent"" pointing to tang. Tang quite long. Arrowhead is barbed. Roughly triangular side profile, with blade rounding toward tip but still ending in point.","","10000","","Find spot marker","","Sold at Sotheby's [;] 22nd July 1926. Lot 200. [;] owner unknown","None","There is another card for this lot. (1 item is Roman. & another made of iron) not drawn","None","","A 94 [;] B 99","","","243","-3.276575","54.70235","Hugh Fiske; Jeff Okazaki","https://farm6.staticflickr.com/5569/14739471030_ff505ccf2b_b.jpg"
,,,,,,,,,,,,,,,,,,,,,,,,,,,,,
,,,,,,,,,,,,,,,,,,,,,,,,,,,,,
,,,,,,,,,,,,,,,,,,,,,,,,,,,,,
"11036","","","england [;] lancastershire [;] nateby [;] found in a field","","","None","ARROWHEAD","","","","","reported to be of copper","100","","Find spot marker","Barbed and tanged Arrowhead","?","None","info from Dr A J White [;] Lancaster Museums Service","None","","","",""," 64","-3.276575","54.70235","Hugh Fiske; Jeff Okazaki","https://farm6.staticflickr.com/5561/14923053291_75755888d9_b.jpg"
"11036","","","england [;] lancastershire [;] nateby [;] found in a field","","nateby","None","ARROWHEAD","","","","No drawing on reverse.","reported to be copper","1000","?","Find spot marker","Barbed and tanged Arrowhead","?","None","","None","","","","info from Dr A.S. White [;] Lancaster Museum Senate","243","-2.347145","54.45716","Hugh Fiske; Jeff Okazaki","https://farm6.staticflickr.com/5561/14923053291_75755888d9_b.jpg"
,,,,,,,,,,,,,,,,,,,,,,,,,,,,,
,,,,,,,,,,,,,,,,,,,,,,,,,,,,,
,,,,,,,,,,,,,,,,,,,,,,,,,,,,,
"11037","14.17","Dark green","wales [;] glamorgan [;] penard [;] langrove","Smooth with slight encrustment of emerald green at the point.","glamorgan, wales","None","Arrowhead","","8 [;] 10.5","Blade (at section) 16.5","","","10000","One of a hoard","Find spot marker","","National Museum of Wales 15.277/3 Donor Miss Emily Talbot","None","","None","Red Dot","54","","PW Number 535"," 1","-3.950709","51.61451","Daniel Pett; Jeff Okazaki; scruffyarcher","https://farm4.staticflickr.com/3838/14739519088_4d43b9893a_b.jpg"
"11037","14.17","dark green","wales. [;] glamorgan [;] penard [;] langrove","Smooth with slt. encrustment of emerald green at the point. ","penarth","None","Arrowhead.","","8 [;] 10.5","","Limited confidence in geolocation accuracy. [;] Penard is written over ""Langrove Goven""? on Site. [;] 2 cross section drawings of arrowhead on reverse. [;] 2 bladed with midrib? [;] Tanged [;] Barbed, but one barb has been completely broken away and lost. [;] Side profile is fairly triangular with intact tip.","","10000","One of a hoard","Find spot marker","","National Museum of Wales. 15. 277/3 [;] donor Miss. Emily Talbot","None","","None","{Red Dot}","54","blade (at section) 16.5","Pw, No. 535","243","-3.173302","51.43597","Daniel Pett; Jeff Okazaki; scruffyarcher","https://farm4.staticflickr.com/3838/14739519088_4d43b9893a_b.jpg"
"11037","14.17","dark green","wales, glamorgan, penard, langrove","Smooth with sl[igh]t encrustment of emerald green at the point.","gower glamorgan","None","Arrowhead","","8 10.5","16.5","","","1000","One of a hoard","Find spot marker","","National Museum of Wales. 15. 277 [;] donor Miss Emily Talbot","None","","None","","54","","","482","-3.878156","51.61800","Daniel Pett; Jeff Okazaki; scruffyarcher","https://farm4.staticflickr.com/3838/14739519088_4d43b9893a_b.jpg"
,,,,,,,,,,,,,,,,,,,,,,,,,,,,,
,,,,,,,,,,,,,,,,,,,,,,,,,,,,,
,,,,,,,,,,,,,,,,,,,,,,,,,,,,,
"11038","14.17","dark green","wales. [;] glamorgan [;] penard [;] langrove","smooth with slt. encrustment of emerald green at the point.","swansea","None","Arrowhead.","","8 [;] 10.5","","","","10000","One of a hoard","Find spot marker","","National Museum of Wales. 15.277/3 [;] donor Miss. Emily Talbot","None","","None","","54","blade (at section) 16.5","PW, No. 535","181","-4.073805","51.58436","Jeff Okazaki; Cheryl Ellsworth","https://farm4.staticflickr.com/3918/14728948380_c2aab1b7f6_b.jpg"
"11038","14.17","dark green","wales. [;] glamorgan [;] penard [;] langrove","smooth with slt. encrustment of emerald green at the point.","penarth","None","Arrowhead.","","8 [;] 10.5","","Limited confidence in geolocation accuracy. [;] Card is exact duplicate of - https://www.flickr.com/photos/MicroPasts/14739519088/sizes/k/","","10000","One of a hoard","Find spot marker","","National Museum of Wales. 15. 277/3 [;] donor Miss Emily Talbot","None","","None","{Red Dot}","54","blade (at section) 16.5","Pw, No. 535","243","-3.173302","51.43597","Jeff Okazaki; Cheryl Ellsworth","https://farm4.staticflickr.com/3918/14728948380_c2aab1b7f6_b.jpg"
,,,,,,,,,,,,,,,,,,,,,,,,,,,,,
,,,,,,,,,,,,,,,,,,,,,,,,,,,,,
,,,,,,,,,,,,,,,,,,,,,,,,,,,,,
"11039","","","england [;] lancashire [;] nateby","","nateby, england","None","Arrowhead","","","","Discovery: Found in a field","","1000","","Find spot marker","Barbed and tanged arrowhead","?","None","","None","","","","Info from Dr AJ White Lancaster Museums Service"," 1","-2.348690","54.45629","Daniel Pett; Jeff Okazaki","https://farm4.staticflickr.com/3859/14729052657_775a07a3fe_b.jpg"
"11039","","","england [;] lancastershire [;] nateby","","nateby","None","ARROWHEAD","","","","No drawing on reverse. [;] Card is an exact duplicate of another in this set.","reported to be of copper","1000","","Find spot marker","Barbed and tanged Arrowhead","?","None","","None","","","","info from Dr A S White [;] Lancaster Museum Senate","243","-2.347274","54.45696","Daniel Pett; Jeff Okazaki","https://farm4.staticflickr.com/3859/14729052657_775a07a3fe_b.jpg"
,,,,,,,,,,,,,,,,,,,,,,,,,,,,,
,,,,,,,,,,,,,,,,,,,,,,,,,,,,,
,,,,,,,,,,,,,,,,,,,,,,,,,,,,,
